customer_id,frequency,avg_order_value,status,retained_flag
C12346,12.0,1743.59,Churned,0
C12347,5.0,563.5,Retained,1
C12348,4.0,427.35,Retained,1
C12350,1.0,334.4,Churned,0
C12352,7.0,272.23,Retained,1
C12353,2.0,203.38,Churned,0
C12354,1.0,1079.4,Churned,0
C12355,2.0,473.8,Churned,0
C12356,5.0,1263.07,Retained,1
C12359,9.0,673.23,Retained,1
C12360,6.0,445.74,Retained,1
C12361,4.0,127.81,Churned,0
C12362,3.0,368.11,Retained,1
C12363,1.0,299.1,Retained,1
C12365,2.0,320.69,Churned,0
C12370,6.0,596.84,Retained,1
C12372,2.0,457.46,Retained,1
C12373,3.0,375.88,Churned,0
C12377,4.0,856.58,Churned,0
C12380,8.0,944.88,Retained,1
C12383,5.0,370.11,Churned,0
C12386,2.0,200.95,Churned,0
C12388,5.0,377.34,Retained,1
C12393,5.0,375.59,Retained,1
C12394,1.0,381.08,Retained,1
C12395,9.0,363.58,Retained,1
C12399,6.0,292.11,Retained,1
C12401,1.0,84.3,Churned,0
C12402,6.0,209.48,Churned,0
C12406,4.0,1149.08,Retained,1
C12407,2.0,247.98,Retained,1
C12408,5.0,457.96,Retained,1
C12410,3.0,337.9,Churned,0
C12413,3.0,268.42,Retained,1
C12414,6.0,158.74,Churned,0
C12415,14.0,1743.59,Retained,1
C12417,16.0,316.63,Retained,1
C12421,3.0,149.67,Retained,1
C12422,15.0,311.12,Retained,1
C12423,8.0,276.85,Retained,1
C12426,2.0,672.6,Churned,0
C12428,6.0,1051.76,Retained,1
C12429,6.0,695.58,Retained,1
C12431,19.0,377.41,Retained,1
C12434,2.0,291.77,Retained,1
C12435,5.0,1743.59,Retained,1
C12437,29.0,334.73,Retained,1
C12447,1.0,476.49,Churned,0
C12449,3.0,542.51,Retained,1
C12451,5.0,1743.59,Retained,1
C12455,7.0,768.06,Retained,1
C12456,1.0,940.17,Retained,1
C12457,4.0,424.98,Retained,1
C12458,3.0,424.0,Retained,1
C12462,1.0,762.11,Retained,1
C12463,2.0,323.98,Retained,1
C12464,4.0,136.21,Retained,1
C12468,5.0,734.15,Churned,0
C12471,54.53,460.28,Retained,1
C12472,15.0,848.4,Retained,1
C12473,1.0,672.19,Retained,1
C12474,21.0,369.89,Retained,1
C12476,17.0,573.18,Retained,1
C12477,5.0,1743.59,Retained,1
C12480,5.0,754.1,Retained,1
C12481,12.0,808.85,Retained,1
C12483,16.0,246.89,Retained,1
C12484,7.0,423.87,Retained,1
C12489,1.0,334.93,Churned,0
C12490,13.0,430.88,Retained,1
C12493,1.0,232.5,Retained,1
C12494,6.0,214.14,Retained,1
C12500,12.0,242.3,Retained,1
C12501,1.0,1743.59,Churned,0
C12502,3.0,614.22,Retained,1
C12506,1.0,73.5,Churned,0
C12507,2.0,492.7,Retained,1
C12509,1.0,176.5,Churned,0
C12510,8.0,609.56,Retained,1
C12514,2.0,798.88,Churned,0
C12515,1.0,383.7,Churned,0
C12517,1.0,766.95,Retained,1
C12520,3.0,565.85,Retained,1
C12523,16.0,192.66,Retained,1
C12524,14.0,676.7,Retained,1
C12527,4.0,167.93,Retained,1
C12528,2.0,385.83,Retained,1
C12530,7.0,414.57,Retained,1
C12535,1.0,371.45,Retained,1
C12539,6.0,1694.02,Retained,1
C12540,23.0,667.69,Retained,1
C12541,1.0,312.4,Retained,1
C12545,1.0,628.15,Retained,1
C12547,3.0,127.86,Churned,0
C12551,1.0,168.0,Churned,0
C12553,7.0,378.73,Retained,1
C12557,6.0,1743.59,Retained,1
C12559,2.0,280.86,Churned,0
C12561,1.0,238.85,Churned,0
C12562,3.0,543.38,Retained,1
C12564,1.0,456.9,Churned,0
C12565,1.0,145.92,Churned,0
C12567,11.0,620.29,Retained,1
C12569,6.0,217.74,Retained,1
C12573,5.0,143.48,Churned,0
C12574,1.0,218.45,Churned,0
C12576,5.0,249.71,Retained,1
C12577,6.0,198.64,Retained,1
C12578,3.0,1152.2,Retained,1
C12580,2.0,526.45,Churned,0
C12582,4.0,495.1,Churned,0
C12583,17.0,550.15,Retained,1
C12584,2.0,311.37,Retained,1
C12585,2.0,1020.05,Churned,0
C12590,2.0,1743.59,Churned,0
C12591,3.0,450.72,Churned,0
C12592,4.0,594.22,Retained,1
C12593,1.0,236.0,Retained,1
C12594,12.0,296.65,Retained,1
C12596,1.0,269.95,Retained,1
C12597,2.0,714.4,Retained,1
C12598,6.0,466.12,Retained,1
C12599,9.0,192.0,Retained,1
C12600,17.0,216.73,Retained,1
C12601,6.0,113.54,Churned,0
C12604,1.0,178.5,Retained,1
C12609,8.0,388.72,Retained,1
C12613,9.0,550.36,Retained,1
C12614,1.0,315.6,Churned,0
C12616,2.0,336.7,Retained,1
C12619,3.0,257.27,Retained,1
C12620,1.0,561.66,Retained,1
C12621,25.0,719.09,Retained,1
C12622,1.0,180.1,Churned,0
C12623,7.0,535.41,Churned,0
C12625,4.0,1291.22,Churned,0
C12626,2.0,637.05,Retained,1
C12633,5.0,1048.75,Retained,1
C12637,8.0,588.77,Retained,1
C12639,3.0,437.46,Churned,0
C12643,9.0,713.08,Retained,1
C12645,6.0,427.17,Retained,1
C12647,31.0,501.13,Retained,1
C12649,6.0,341.02,Retained,1
C12651,4.0,94.44,Churned,0
C12652,2.0,508.52,Churned,0
C12653,2.0,1365.04,Retained,1
C12654,3.0,112.58,Retained,1
C12656,5.0,803.25,Retained,1
C12662,14.0,336.77,Retained,1
C12664,4.0,622.94,Retained,1
C12665,3.0,104.53,Churned,0
C12668,9.0,1173.56,Retained,1
C12669,2.0,1136.3,Retained,1
C12670,4.0,447.66,Retained,1
C12672,2.0,218.52,Churned,0
C12673,2.0,420.2,Retained,1
C12674,1.0,586.74,Retained,1
C12676,8.0,292.58,Retained,1
C12678,15.0,1502.94,Retained,1
C12679,2.0,453.19,Retained,1
C12681,36.0,688.95,Retained,1
C12682,32.0,498.37,Retained,1
C12683,16.0,515.25,Retained,1
C12684,3.0,305.7,Retained,1
C12690,1.0,389.01,Churned,0
C12691,4.0,135.2,Retained,1
C12693,6.0,246.31,Retained,1
C12694,2.0,706.59,Retained,1
C12695,4.0,228.57,Retained,1
C12700,1.0,1092.43,Retained,1
C12701,5.0,397.16,Retained,1
C12705,8.0,1007.24,Retained,1
C12707,1.0,603.42,Churned,0
C12708,13.0,287.92,Retained,1
C12709,27.0,962.49,Retained,1
C12710,1.0,718.96,Retained,1
C12712,16.0,287.15,Retained,1
C12714,9.0,1238.53,Retained,1
C12717,2.0,443.84,Retained,1
C12720,15.0,289.82,Retained,1
C12721,6.0,509.31,Retained,1
C12724,4.0,360.25,Retained,1
C12726,9.0,319.2,Retained,1
C12727,8.0,562.4,Retained,1
C12728,4.0,212.79,Retained,1
C12731,11.0,1373.63,Retained,1
C12733,4.0,606.22,Churned,0
C12734,3.0,213.22,Churned,0
C12735,2.0,389.78,Churned,0
C12736,1.0,234.0,Churned,0
C12744,8.0,1743.59,Retained,1
C12747,21.0,324.45,Retained,1
C12748,54.53,141.71,Retained,1
C12749,5.0,733.12,Retained,1
C12753,4.0,1743.59,Retained,1
C12754,3.0,1003.58,Churned,0
C12755,11.0,476.02,Churned,0
C12757,6.0,740.91,Retained,1
C12758,6.0,1446.97,Retained,1
C12759,6.0,655.68,Retained,1
C12764,1.0,1693.88,Churned,0
C12766,6.0,990.84,Retained,1
C12769,1.0,1143.6,Churned,0
C12770,2.0,1623.22,Churned,0
C12775,6.0,244.13,Retained,1
C12778,7.0,206.5,Retained,1
C12779,13.0,422.47,Retained,1
C12781,1.0,549.26,Retained,1
C12782,9.0,427.81,Retained,1
C12785,3.0,366.8,Churned,0
C12787,2.0,278.31,Retained,1
C12790,2.0,295.92,Churned,0
C12792,2.0,413.5,Churned,0
C12793,3.0,295.18,Churned,0
C12802,7.0,345.2,Churned,0
C12808,4.0,143.6,Retained,1
C12811,5.0,206.78,Churned,0
C12815,1.0,615.36,Retained,1
C12817,3.0,230.33,Churned,0
C12818,1.0,1542.08,Churned,0
C12820,8.0,239.7,Retained,1
C12821,2.0,110.4,Churned,0
C12823,16.0,358.53,Retained,1
C12826,8.0,252.89,Retained,1
C12829,3.0,128.43,Churned,0
C12831,3.0,150.37,Churned,0
C12834,1.0,312.38,Churned,0
C12836,13.0,433.4,Retained,1
C12839,17.0,339.89,Retained,1
C12840,5.0,578.63,Retained,1
C12841,27.0,184.21,Retained,1
C12842,3.0,369.91,Retained,1
C12843,26.0,229.14,Retained,1
C12845,4.0,88.52,Churned,0
C12849,5.0,548.83,Retained,1
C12852,1.0,311.55,Churned,0
C12853,8.0,354.42,Retained,1
C12854,6.0,413.32,Retained,1
C12857,6.0,614.67,Churned,0
C12866,3.0,409.12,Churned,0
C12867,10.0,561.5,Retained,1
C12868,8.0,255.47,Churned,0
C12871,2.0,247.69,Retained,1
C12872,12.0,275.58,Churned,0
C12873,3.0,675.77,Churned,0
C12875,4.0,326.88,Retained,1
C12876,3.0,863.4,Retained,1
C12877,15.0,140.1,Retained,1
C12878,2.0,427.5,Churned,0
C12881,1.0,298.0,Churned,0
C12886,1.0,775.0,Retained,1
C12888,2.0,177.06,Churned,0
C12891,11.0,76.41,Churned,0
C12897,4.0,128.56,Churned,0
C12901,12.0,671.82,Retained,1
C12902,1.0,138.68,Churned,0
C12908,4.0,336.0,Retained,1
C12909,6.0,408.82,Retained,1
C12910,8.0,483.0,Retained,1
C12913,11.0,424.18,Retained,1
C12916,6.0,660.11,Retained,1
C12921,52.0,475.34,Retained,1
C12924,11.0,199.18,Retained,1
C12928,9.0,335.8,Retained,1
C12929,1.0,117.85,Churned,0
C12931,49.0,1106.37,Retained,1
C12933,6.0,198.38,Retained,1
C12935,10.0,294.94,Retained,1
C12937,7.0,288.8,Retained,1
C12939,15.0,1394.09,Retained,1
C12942,2.0,198.26,Retained,1
C12944,1.0,286.95,Retained,1
C12945,2.0,450.06,Churned,0
C12947,4.0,334.72,Retained,1
C12948,5.0,227.75,Retained,1
C12949,17.0,800.6,Retained,1
C12951,13.0,213.43,Retained,1
C12955,3.0,232.47,Retained,1
C12956,4.0,130.47,Churned,0
C12957,9.0,711.64,Retained,1
C12967,3.0,979.51,Churned,0
C12970,8.0,137.07,Retained,1
C12971,54.53,132.03,Retained,1
C12974,2.0,204.48,Churned,0
C12976,8.0,394.55,Churned,0
C12980,19.0,754.2,Retained,1
C12982,8.0,343.1,Churned,0
C12987,4.0,264.45,Retained,1
C12988,1.0,535.32,Churned,0
C12989,25.0,398.22,Retained,1
C12990,6.0,134.98,Retained,1
C12993,6.0,170.03,Retained,1
C12994,1.0,352.6,Retained,1
C12997,6.0,248.75,Retained,1
C12999,3.0,151.96,Churned,0
C13000,3.0,318.73,Retained,1
C13001,30.0,739.95,Retained,1
C13002,3.0,138.04,Churned,0
C13003,1.0,59.05,Retained,1
C13004,26.0,336.77,Retained,1
C13005,3.0,269.21,Retained,1
C13008,3.0,204.04,Churned,0
C13012,6.0,336.4,Retained,1
C13013,20.0,432.94,Retained,1
C13014,4.0,810.71,Retained,1
C13015,10.0,500.32,Retained,1
C13018,18.0,342.19,Retained,1
C13021,11.0,275.99,Retained,1
C13026,6.0,166.91,Retained,1
C13027,16.0,891.45,Retained,1
C13029,3.0,354.1,Retained,1
C13033,2.0,110.28,Churned,0
C13035,2.0,387.66,Retained,1
C13037,11.0,328.29,Retained,1
C13038,2.0,295.88,Retained,1
C13043,1.0,516.42,Churned,0
C13044,11.0,441.26,Churned,0
C13046,2.0,258.83,Retained,1
C13047,20.0,343.13,Retained,1
C13048,7.0,455.46,Retained,1
C13049,3.0,301.78,Retained,1
C13050,28.0,344.24,Retained,1
C13052,7.0,452.65,Churned,0
C13055,2.0,725.78,Retained,1
C13059,10.0,230.32,Churned,0
C13060,1.0,307.53,Churned,0
C13062,1.0,346.98,Churned,0
C13064,3.0,254.85,Retained,1
C13068,1.0,165.0,Retained,1
C13069,29.0,262.0,Retained,1
C13070,4.0,187.92,Churned,0
C13072,1.0,177.15,Churned,0
C13077,10.0,259.91,Retained,1
C13078,41.0,508.71,Retained,1
C13081,24.0,1743.59,Retained,1
C13082,17.0,334.25,Retained,1
C13085,7.0,327.9,Retained,1
C13089,54.53,526.33,Retained,1
C13090,17.0,429.15,Retained,1
C13092,11.0,191.11,Retained,1
C13093,54.53,984.44,Churned,0
C13094,9.0,152.8,Retained,1
C13097,23.0,451.44,Retained,1
C13098,9.0,859.44,Retained,1
C13101,4.0,173.85,Churned,0
C13102,28.0,311.61,Retained,1
C13104,5.0,164.87,Retained,1
C13107,6.0,714.72,Retained,1
C13110,8.0,275.16,Retained,1
C13113,29.0,512.52,Retained,1
C13115,7.0,582.64,Retained,1
C13117,16.0,126.38,Retained,1
C13118,7.0,288.19,Retained,1
C13120,1.0,30.6,Churned,0
C13121,1.0,283.73,Churned,0
C13122,1.0,903.67,Retained,1
C13124,3.0,1163.41,Retained,1
C13126,10.0,275.26,Retained,1
C13131,5.0,513.07,Retained,1
C13132,1.0,77.3,Churned,0
C13133,3.0,66.82,Churned,0
C13134,5.0,313.48,Retained,1
C13135,2.0,1685.72,Churned,0
C13136,9.0,471.27,Retained,1
C13137,10.0,492.61,Retained,1
C13138,3.0,232.82,Retained,1
C13139,3.0,1436.02,Retained,1
C13141,16.0,417.55,Retained,1
C13144,2.0,67.68,Churned,0
C13148,20.0,335.65,Retained,1
C13149,1.0,376.74,Retained,1
C13151,3.0,860.25,Churned,0
C13155,4.0,241.98,Retained,1
C13157,7.0,634.87,Retained,1
C13158,2.0,281.76,Retained,1
C13161,2.0,239.44,Churned,0
C13162,15.0,592.84,Retained,1
C13165,2.0,392.16,Retained,1
C13166,2.0,442.09,Churned,0
C13168,4.0,382.2,Retained,1
C13169,2.0,316.2,Retained,1
C13171,1.0,140.35,Retained,1
C13174,11.0,670.01,Retained,1
C13178,15.0,736.86,Retained,1
C13183,9.0,511.72,Retained,1
C13184,5.0,183.99,Retained,1
C13185,1.0,71.4,Churned,0
C13187,4.0,91.75,Churned,0
C13192,5.0,422.19,Retained,1
C13196,4.0,445.8,Retained,1
C13198,5.0,732.15,Retained,1
C13199,45.0,219.72,Retained,1
C13203,7.0,277.79,Retained,1
C13208,6.0,244.14,Retained,1
C13209,8.0,622.54,Retained,1
C13211,8.0,205.32,Retained,1
C13213,9.0,320.27,Retained,1
C13216,1.0,333.74,Churned,0
C13220,4.0,310.82,Retained,1
C13221,2.0,423.7,Churned,0
C13223,6.0,161.52,Churned,0
C13225,13.0,1041.39,Retained,1
C13226,2.0,156.23,Churned,0
C13227,1.0,257.7,Churned,0
C13229,1.0,160.95,Churned,0
C13230,25.0,210.39,Retained,1
C13232,3.0,230.63,Retained,1
C13233,3.0,291.86,Retained,1
C13235,1.0,1031.07,Churned,0
C13238,3.0,132.35,Retained,1
C13239,5.0,318.94,Churned,0
C13240,6.0,215.54,Retained,1
C13242,6.0,88.83,Retained,1
C13243,5.0,255.61,Churned,0
C13246,9.0,338.74,Retained,1
C13248,1.0,387.47,Retained,1
C13249,7.0,169.91,Retained,1
C13253,3.0,799.06,Retained,1
C13258,3.0,187.07,Retained,1
C13261,2.0,472.05,Churned,0
C13262,3.0,191.15,Churned,0
C13263,19.0,247.54,Retained,1
C13265,3.0,488.55,Retained,1
C13266,13.0,317.48,Retained,1
C13267,28.0,254.23,Retained,1
C13268,5.0,367.56,Retained,1
C13269,18.0,291.24,Retained,1
C13280,6.0,367.86,Retained,1
C13282,2.0,262.88,Retained,1
C13283,3.0,101.73,Retained,1
C13284,1.0,201.19,Churned,0
C13285,4.0,457.18,Retained,1
C13292,4.0,166.28,Retained,1
C13294,3.0,563.18,Churned,0
C13295,4.0,275.49,Churned,0
C13299,3.0,406.23,Churned,0
C13301,2.0,163.88,Retained,1
C13304,4.0,304.5,Churned,0
C13305,10.0,225.79,Retained,1
C13308,2.0,549.9,Retained,1
C13309,3.0,265.41,Retained,1
C13310,4.0,306.7,Retained,1
C13313,9.0,277.75,Retained,1
C13316,7.0,1262.33,Retained,1
C13317,18.0,307.02,Retained,1
C13319,45.0,344.17,Retained,1
C13320,4.0,297.0,Retained,1
C13324,15.0,479.37,Retained,1
C13327,17.0,434.06,Retained,1
C13328,1.0,1308.48,Churned,0
C13330,5.0,478.69,Retained,1
C13334,4.0,1364.69,Retained,1
C13339,1.0,860.12,Churned,0
C13340,6.0,1743.59,Retained,1
C13341,1.0,775.85,Churned,0
C13344,1.0,1656.15,Retained,1
C13345,1.0,389.5,Churned,0
C13357,5.0,767.67,Churned,0
C13358,1.0,439.03,Churned,0
C13362,5.0,776.97,Retained,1
C13365,1.0,700.6,Retained,1
C13368,4.0,280.38,Churned,0
C13373,4.0,1315.66,Retained,1
C13376,2.0,385.0,Retained,1
C13381,8.0,707.05,Retained,1
C13382,5.0,277.52,Churned,0
C13385,1.0,534.57,Churned,0
C13389,1.0,257.89,Retained,1
C13391,1.0,59.8,Churned,0
C13394,14.0,359.79,Retained,1
C13395,3.0,393.41,Churned,0
C13396,1.0,387.27,Retained,1
C13397,8.0,328.53,Retained,1
C13398,2.0,335.17,Churned,0
C13404,1.0,217.81,Retained,1
C13405,5.0,239.76,Retained,1
C13408,54.53,479.47,Retained,1
C13410,7.0,249.13,Retained,1
C13414,4.0,373.41,Retained,1
C13417,5.0,252.93,Retained,1
C13418,22.0,401.07,Retained,1
C13421,7.0,439.58,Retained,1
C13425,3.0,727.0,Retained,1
C13426,16.0,363.19,Retained,1
C13427,4.0,159.61,Retained,1
C13435,3.0,369.69,Retained,1
C13437,1.0,1440.9,Retained,1
C13439,3.0,328.87,Churned,0
C13448,11.0,607.35,Retained,1
C13450,9.0,306.1,Retained,1
C13451,9.0,651.91,Retained,1
C13452,3.0,243.27,Churned,0
C13453,2.0,304.86,Retained,1
C13456,1.0,207.66,Retained,1
C13458,9.0,952.53,Retained,1
C13462,5.0,230.77,Churned,0
C13466,5.0,202.67,Churned,0
C13468,54.53,190.97,Retained,1
C13473,7.0,353.77,Retained,1
C13474,3.0,221.26,Churned,0
C13475,4.0,357.94,Churned,0
C13476,4.0,387.65,Retained,1
C13477,7.0,270.8,Retained,1
C13479,4.0,212.84,Churned,0
C13481,8.0,375.66,Retained,1
C13482,2.0,168.04,Churned,0
C13484,3.0,263.57,Churned,0
C13485,11.0,274.47,Churned,0
C13487,4.0,170.07,Retained,1
C13488,16.0,673.0,Retained,1
C13489,2.0,117.84,Retained,1
C13491,25.0,171.34,Retained,1
C13492,1.0,315.3,Retained,1
C13493,2.0,309.32,Churned,0
C13494,1.0,316.26,Churned,0
C13495,8.0,486.36,Retained,1
C13496,1.0,501.01,Retained,1
C13497,6.0,194.47,Churned,0
C13499,2.0,231.9,Retained,1
C13501,3.0,961.7,Churned,0
C13502,4.0,169.42,Retained,1
C13505,2.0,958.04,Retained,1
C13506,5.0,267.62,Churned,0
C13508,2.0,143.52,Churned,0
C13509,4.0,196.26,Retained,1
C13510,8.0,419.01,Retained,1
C13512,4.0,178.35,Churned,0
C13515,3.0,192.7,Retained,1
C13516,2.0,220.92,Retained,1
C13520,9.0,563.74,Retained,1
C13523,4.0,734.73,Retained,1
C13524,1.0,159.2,Retained,1
C13525,1.0,282.88,Retained,1
C13527,7.0,425.98,Retained,1
C13529,1.0,181.1,Retained,1
C13531,6.0,238.84,Churned,0
C13533,2.0,73.32,Retained,1
C13534,27.0,177.92,Retained,1
C13538,8.0,306.42,Retained,1
C13539,6.0,208.94,Retained,1
C13544,5.0,132.1,Retained,1
C13546,3.0,217.77,Retained,1
C13548,2.0,253.8,Retained,1
C13549,4.0,150.04,Retained,1
C13551,2.0,122.1,Churned,0
C13552,15.0,340.01,Retained,1
C13555,11.0,585.45,Retained,1
C13557,12.0,224.07,Retained,1
C13561,11.0,165.52,Churned,0
C13562,6.0,607.02,Retained,1
C13564,36.0,448.86,Churned,0
C13565,2.0,142.38,Retained,1
C13570,1.0,239.49,Churned,0
C13571,18.0,164.53,Retained,1
C13572,1.0,1384.25,Churned,0
C13573,5.0,130.77,Retained,1
C13576,18.0,423.4,Retained,1
C13577,8.0,269.8,Retained,1
C13581,2.0,140.26,Churned,0
C13584,3.0,130.82,Churned,0
C13588,1.0,113.3,Retained,1
C13590,15.0,351.98,Retained,1
C13591,6.0,292.17,Retained,1
C13592,3.0,68.5,Retained,1
C13593,12.0,375.8,Retained,1
C13599,19.0,350.88,Retained,1
C13600,2.0,259.21,Churned,0
C13601,3.0,288.34,Retained,1
C13606,2.0,125.21,Retained,1
C13610,10.0,151.84,Retained,1
C13611,8.0,306.36,Retained,1
C13614,3.0,318.16,Retained,1
C13615,8.0,784.07,Churned,0
C13623,9.0,263.4,Retained,1
C13626,2.0,353.52,Churned,0
C13627,4.0,303.34,Retained,1
C13629,12.0,705.54,Retained,1
C13630,3.0,350.61,Retained,1
C13631,4.0,332.5,Retained,1
C13632,5.0,427.98,Retained,1
C13634,13.0,317.21,Retained,1
C13636,3.0,180.48,Retained,1
C13637,2.0,342.42,Retained,1
C13642,4.0,128.68,Churned,0
C13643,8.0,215.65,Retained,1
C13647,5.0,363.64,Retained,1
C13649,6.0,246.85,Churned,0
C13650,6.0,366.2,Retained,1
C13652,4.0,451.3,Retained,1
C13654,8.0,596.69,Retained,1
C13655,5.0,346.24,Retained,1
C13656,3.0,287.3,Retained,1
C13657,1.0,152.34,Retained,1
C13658,5.0,863.93,Retained,1
C13659,12.0,407.91,Churned,0
C13662,10.0,188.53,Retained,1
C13666,4.0,26.83,Retained,1
C13668,26.0,414.89,Retained,1
C13672,3.0,139.97,Churned,0
C13675,1.0,308.44,Retained,1
C13680,10.0,1010.48,Retained,1
C13682,1.0,59.5,Churned,0
C13684,4.0,149.24,Churned,0
C13692,4.0,624.42,Retained,1
C13694,54.53,1348.56,Retained,1
C13695,6.0,148.75,Retained,1
C13700,8.0,161.5,Retained,1
C13703,2.0,212.78,Churned,0
C13706,2.0,315.59,Churned,0
C13707,5.0,673.17,Churned,0
C13708,1.0,296.88,Churned,0
C13709,6.0,289.73,Retained,1
C13711,9.0,199.14,Churned,0
C13712,2.0,383.21,Churned,0
C13715,17.0,482.98,Churned,0
C13716,1.0,138.28,Churned,0
C13717,4.0,222.22,Retained,1
C13718,2.0,153.28,Churned,0
C13719,8.0,264.04,Retained,1
C13720,2.0,216.05,Retained,1
C13722,8.0,590.43,Retained,1
C13723,6.0,201.53,Churned,0
C13725,6.0,291.93,Retained,1
C13728,13.0,179.46,Retained,1
C13731,2.0,305.3,Churned,0
C13735,10.0,786.31,Retained,1
C13736,6.0,398.64,Retained,1
C13737,1.0,339.6,Churned,0
C13740,5.0,319.55,Churned,0
C13741,2.0,181.56,Retained,1
C13742,8.0,269.5,Retained,1
C13743,2.0,176.58,Retained,1
C13744,1.0,893.16,Retained,1
C13748,7.0,242.42,Retained,1
C13750,8.0,330.46,Retained,1
C13751,1.0,296.25,Churned,0
C13752,5.0,259.2,Retained,1
C13753,4.0,523.64,Churned,0
C13754,2.0,160.22,Retained,1
C13756,14.0,371.21,Retained,1
C13758,13.0,604.55,Retained,1
C13760,4.0,302.98,Retained,1
C13762,5.0,494.5,Churned,0
C13764,4.0,482.85,Retained,1
C13767,54.53,412.49,Retained,1
C13769,15.0,275.31,Retained,1
C13771,7.0,651.32,Retained,1
C13772,6.0,368.42,Retained,1
C13777,49.0,714.64,Retained,1
C13781,3.0,259.61,Churned,0
C13782,9.0,138.11,Retained,1
C13784,9.0,163.99,Retained,1
C13787,5.0,203.97,Retained,1
C13792,2.0,131.5,Retained,1
C13798,54.53,710.19,Retained,1
C13799,8.0,307.05,Retained,1
C13800,3.0,559.85,Churned,0
C13802,18.0,1377.26,Retained,1
C13803,3.0,446.3,Churned,0
C13804,3.0,432.12,Retained,1
C13809,3.0,226.57,Churned,0
C13811,3.0,271.5,Churned,0
C13815,5.0,892.08,Retained,1
C13817,1.0,128.7,Retained,1
C13819,6.0,440.39,Churned,0
C13821,5.0,259.05,Retained,1
C13824,10.0,284.88,Retained,1
C13831,15.0,367.37,Retained,1
C13835,4.0,147.29,Retained,1
C13837,2.0,135.62,Churned,0
C13841,1.0,85.0,Churned,0
C13842,15.0,250.81,Retained,1
C13846,3.0,368.89,Retained,1
C13848,7.0,385.0,Retained,1
C13851,6.0,366.89,Retained,1
C13854,30.0,299.82,Retained,1
C13856,10.0,97.25,Retained,1
C13859,2.0,257.93,Churned,0
C13862,5.0,299.85,Retained,1
C13863,4.0,309.89,Churned,0
C13865,2.0,141.26,Retained,1
C13867,1.0,138.85,Retained,1
C13869,9.0,732.4,Retained,1
C13870,8.0,435.65,Retained,1
C13871,9.0,430.93,Retained,1
C13873,7.0,125.67,Retained,1
C13874,7.0,292.74,Churned,0
C13875,12.0,341.29,Retained,1
C13880,10.0,241.37,Retained,1
C13881,27.0,1169.96,Retained,1
C13883,14.0,402.02,Retained,1
C13884,8.0,162.14,Retained,1
C13885,2.0,253.4,Churned,0
C13887,1.0,349.55,Churned,0
C13888,6.0,300.49,Retained,1
C13890,5.0,246.78,Retained,1
C13892,3.0,229.73,Retained,1
C13893,1.0,821.1,Churned,0
C13894,1.0,160.85,Retained,1
C13898,2.0,343.2,Churned,0
C13899,1.0,298.5,Retained,1
C13900,6.0,268.43,Churned,0
C13901,12.0,288.12,Retained,1
C13904,1.0,201.12,Retained,1
C13908,2.0,415.56,Retained,1
C13911,17.0,197.53,Retained,1
C13917,1.0,65.38,Retained,1
C13918,1.0,198.2,Retained,1
C13922,3.0,288.4,Churned,0
C13929,10.0,306.43,Retained,1
C13931,10.0,439.81,Retained,1
C13932,1.0,307.4,Churned,0
C13934,1.0,922.1,Churned,0
C13939,5.0,235.38,Retained,1
C13941,12.0,586.1,Retained,1
C13946,5.0,360.13,Retained,1
C13948,4.0,137.19,Churned,0
C13950,1.0,179.31,Retained,1
C13951,2.0,258.02,Retained,1
C13952,14.0,915.97,Churned,0
C13953,8.0,609.38,Retained,1
C13955,2.0,213.66,Retained,1
C13956,2.0,146.83,Retained,1
C13959,5.0,163.08,Retained,1
C13962,2.0,155.43,Retained,1
C13963,17.0,168.27,Churned,0
C13969,24.0,249.7,Retained,1
C13971,9.0,320.43,Retained,1
C13972,1.0,145.9,Retained,1
C13973,1.0,264.7,Churned,0
C13975,8.0,474.27,Retained,1
C13976,4.0,298.09,Churned,0
C13982,7.0,435.57,Retained,1
C13983,17.0,344.51,Retained,1
C13984,10.0,169.05,Churned,0
C13985,10.0,412.6,Retained,1
C13988,4.0,491.48,Retained,1
C13989,4.0,414.16,Retained,1
C13990,1.0,311.3,Churned,0
C13993,14.0,343.01,Retained,1
C13995,10.0,281.88,Retained,1
C13999,21.0,326.06,Retained,1
C14000,5.0,409.27,Churned,0
C14001,8.0,436.86,Retained,1
C14004,5.0,515.17,Retained,1
C14005,1.0,187.16,Retained,1
C14006,6.0,316.1,Retained,1
C14009,3.0,366.64,Churned,0
C14012,1.0,328.8,Churned,0
C14013,3.0,243.35,Retained,1
C14016,10.0,1042.68,Retained,1
C14021,6.0,264.4,Retained,1
C14022,2.0,396.08,Churned,0
C14023,1.0,273.14,Retained,1
C14030,17.0,391.81,Retained,1
C14031,36.0,825.47,Retained,1
C14032,10.0,310.64,Retained,1
C14035,6.0,354.88,Retained,1
C14036,1.0,626.65,Churned,0
C14037,5.0,160.31,Retained,1
C14038,3.0,741.94,Retained,1
C14040,29.0,378.85,Retained,1
C14041,1.0,141.41,Churned,0
C14044,7.0,377.72,Retained,1
C14045,15.0,705.24,Retained,1
C14046,1.0,154.99,Churned,0
C14047,12.0,274.62,Retained,1
C14048,3.0,249.56,Churned,0
C14049,11.0,965.07,Retained,1
C14051,25.0,481.35,Retained,1
C14056,11.0,335.94,Retained,1
C14057,13.0,374.42,Retained,1
C14059,1.0,183.6,Churned,0
C14060,22.0,279.68,Retained,1
C14062,18.0,1109.67,Retained,1
C14064,13.0,216.99,Retained,1
C14066,1.0,152.55,Churned,0
C14068,4.0,382.09,Churned,0
C14071,2.0,178.4,Retained,1
C14075,4.0,275.13,Retained,1
C14077,3.0,105.09,Retained,1
C14078,8.0,166.87,Retained,1
C14081,10.0,494.66,Churned,0
C14082,2.0,206.68,Churned,0
C14083,7.0,81.25,Retained,1
C14085,25.0,326.43,Retained,1
C14088,6.0,1743.59,Retained,1
C14090,1.0,76.32,Churned,0
C14092,16.0,309.38,Retained,1
C14099,14.0,284.5,Retained,1
C14101,11.0,740.41,Retained,1
C14105,5.0,1197.77,Churned,0
C14107,8.0,456.14,Retained,1
C14110,23.0,391.58,Retained,1
C14111,1.0,94.2,Retained,1
C14112,9.0,452.44,Retained,1
C14113,13.0,437.36,Retained,1
C14114,7.0,194.87,Churned,0
C14127,5.0,328.52,Retained,1
C14128,2.0,296.12,Retained,1
C14129,5.0,365.28,Retained,1
C14130,4.0,470.67,Churned,0
C14132,1.0,306.86,Retained,1
C14133,2.0,311.75,Retained,1
C14135,18.0,366.16,Retained,1
C14145,4.0,1246.61,Retained,1
C14146,9.0,795.89,Retained,1
C14147,8.0,286.2,Retained,1
C14148,2.0,233.14,Churned,0
C14149,1.0,446.62,Churned,0
C14150,1.0,306.18,Retained,1
C14152,6.0,281.76,Retained,1
C14154,8.0,807.59,Churned,0
C14155,1.0,118.75,Churned,0
C14156,54.53,1743.59,Retained,1
C14157,4.0,211.77,Retained,1
C14159,12.0,363.3,Retained,1
C14161,7.0,433.68,Churned,0
C14162,1.0,177.68,Retained,1
C14163,3.0,299.5,Retained,1
C14165,1.0,122.54,Churned,0
C14167,6.0,163.44,Retained,1
C14173,3.0,83.07,Retained,1
C14175,6.0,796.53,Retained,1
C14176,5.0,151.29,Churned,0
C14180,24.0,200.11,Retained,1
C14185,1.0,197.65,Churned,0
C14188,2.0,380.45,Retained,1
C14189,9.0,333.9,Retained,1
C14191,5.0,183.92,Retained,1
C14193,2.0,389.67,Retained,1
C14194,22.0,487.68,Retained,1
C14195,6.0,435.93,Churned,0
C14198,6.0,175.27,Retained,1
C14199,4.0,272.92,Churned,0
C14201,7.0,122.46,Retained,1
C14205,8.0,271.3,Retained,1
C14206,3.0,395.0,Churned,0
C14209,12.0,333.58,Retained,1
C14210,15.0,350.03,Retained,1
C14211,14.0,219.36,Retained,1
C14214,1.0,638.65,Retained,1
C14215,7.0,365.55,Retained,1
C14217,14.0,163.06,Retained,1
C14220,4.0,378.75,Churned,0
C14221,12.0,394.88,Retained,1
C14223,1.0,304.9,Retained,1
C14224,7.0,191.87,Retained,1
C14226,3.0,826.58,Retained,1
C14227,12.0,451.44,Retained,1
C14229,6.0,301.5,Retained,1
C14231,4.0,308.9,Churned,0
C14232,2.0,501.98,Retained,1
C14233,6.0,400.11,Retained,1
C14235,6.0,472.95,Retained,1
C14238,3.0,144.74,Churned,0
C14239,16.0,198.58,Retained,1
C14240,2.0,292.0,Retained,1
C14241,2.0,166.85,Churned,0
C14242,2.0,140.27,Churned,0
C14243,12.0,511.84,Retained,1
C14245,2.0,846.72,Churned,0
C14246,1.0,449.64,Retained,1
C14247,5.0,154.53,Churned,0
C14248,3.0,344.32,Churned,0
C14256,5.0,494.8,Churned,0
C14257,6.0,647.55,Retained,1
C14258,22.0,1226.78,Retained,1
C14262,1.0,240.0,Retained,1
C14264,5.0,259.82,Retained,1
C14267,2.0,418.18,Retained,1
C14270,1.0,492.65,Churned,0
C14271,2.0,109.56,Churned,0
C14272,3.0,204.98,Retained,1
C14273,2.0,109.35,Retained,1
C14276,5.0,264.83,Retained,1
C14277,7.0,1743.59,Retained,1
C14280,1.0,134.04,Churned,0
C14282,15.0,357.23,Retained,1
C14286,5.0,1180.22,Retained,1
C14287,2.0,41.64,Retained,1
C14288,1.0,426.6,Churned,0
C14289,3.0,198.07,Retained,1
C14290,4.0,744.87,Retained,1
C14291,15.0,375.62,Retained,1
C14292,9.0,608.84,Retained,1
C14293,7.0,337.78,Retained,1
C14297,1.0,232.6,Retained,1
C14298,54.53,1031.78,Retained,1
C14299,22.0,530.48,Retained,1
C14304,3.0,575.0,Churned,0
C14307,7.0,426.74,Retained,1
C14309,7.0,365.83,Retained,1
C14311,2.0,258.23,Churned,0
C14312,9.0,259.25,Retained,1
C14315,4.0,393.22,Retained,1
C14320,5.0,269.35,Churned,0
C14321,3.0,338.04,Retained,1
C14323,1.0,299.82,Retained,1
C14326,3.0,313.66,Churned,0
C14329,10.0,703.8,Retained,1
C14334,9.0,382.72,Retained,1
C14336,3.0,371.46,Retained,1
C14338,2.0,459.92,Retained,1
C14339,2.0,310.14,Churned,0
C14340,1.0,134.7,Churned,0
C14341,14.0,213.44,Retained,1
C14342,3.0,186.49,Retained,1
C14344,18.0,152.72,Retained,1
C14346,4.0,389.15,Retained,1
C14348,1.0,409.57,Churned,0
C14350,3.0,324.01,Churned,0
C14352,2.0,422.66,Retained,1
C14353,3.0,125.5,Churned,0
C14364,4.0,540.46,Retained,1
C14367,8.0,518.19,Retained,1
C14368,1.0,155.0,Churned,0
C14371,1.0,100.5,Churned,0
C14373,1.0,76.55,Churned,0
C14375,3.0,377.66,Churned,0
C14377,2.0,308.52,Churned,0
C14379,3.0,343.93,Retained,1
C14386,1.0,142.4,Churned,0
C14388,11.0,395.32,Retained,1
C14389,4.0,291.42,Retained,1
C14390,7.0,365.63,Retained,1
C14393,1.0,67.95,Churned,0
C14395,16.0,376.1,Retained,1
C14397,2.0,121.12,Retained,1
C14401,11.0,299.69,Retained,1
C14403,4.0,345.18,Retained,1
C14404,10.0,201.49,Retained,1
C14407,2.0,501.34,Retained,1
C14408,7.0,369.29,Retained,1
C14409,6.0,338.99,Retained,1
C14410,8.0,290.61,Churned,0
C14411,1.0,1063.0,Churned,0
C14413,4.0,192.59,Churned,0
C14414,2.0,559.78,Retained,1
C14415,15.0,572.7,Retained,1
C14419,3.0,170.14,Retained,1
C14421,5.0,422.29,Retained,1
C14422,14.0,457.8,Retained,1
C14423,3.0,305.54,Churned,0
C14426,10.0,874.18,Retained,1
C14428,2.0,165.31,Retained,1
C14431,4.0,653.55,Churned,0
C14438,1.0,131.9,Churned,0
C14439,5.0,1743.59,Churned,0
C14440,10.0,481.01,Retained,1
C14441,8.0,406.96,Retained,1
C14442,7.0,766.72,Churned,0
C14443,3.0,423.72,Retained,1
C14446,2.0,252.38,Retained,1
C14447,3.0,383.18,Retained,1
C14448,1.0,102.35,Retained,1
C14449,6.0,294.46,Retained,1
C14450,6.0,152.44,Retained,1
C14451,11.0,273.29,Retained,1
C14453,1.0,119.93,Churned,0
C14457,1.0,113.64,Churned,0
C14460,7.0,98.45,Retained,1
C14461,11.0,489.7,Retained,1
C14462,8.0,175.84,Retained,1
C14463,2.0,186.44,Retained,1
C14465,11.0,358.73,Churned,0
C14466,10.0,334.04,Retained,1
C14467,9.0,194.88,Retained,1
C14470,2.0,274.24,Retained,1
C14472,6.0,303.5,Retained,1
C14473,1.0,85.0,Retained,1
C14475,3.0,282.49,Retained,1
C14476,1.0,215.7,Churned,0
C14477,5.0,236.6,Retained,1
C14479,4.0,281.18,Churned,0
C14481,4.0,494.46,Retained,1
C14482,7.0,361.12,Retained,1
C14483,2.0,128.55,Churned,0
C14489,4.0,393.73,Churned,0
C14496,7.0,337.7,Churned,0
C14497,2.0,348.53,Churned,0
C14498,7.0,323.88,Retained,1
C14499,5.0,289.93,Retained,1
C14500,1.0,284.85,Retained,1
C14501,2.0,125.6,Churned,0
C14502,6.0,178.37,Retained,1
C14504,3.0,180.9,Retained,1
C14505,16.0,580.56,Retained,1
C14506,4.0,393.92,Retained,1
C14507,8.0,314.57,Retained,1
C14512,7.0,174.78,Churned,0
C14513,5.0,129.95,Retained,1
C14514,8.0,493.34,Retained,1
C14515,8.0,301.6,Retained,1
C14520,1.0,165.0,Retained,1
C14522,5.0,212.54,Retained,1
C14524,8.0,230.45,Retained,1
C14525,13.0,457.03,Retained,1
C14527,54.53,237.54,Retained,1
C14530,13.0,371.72,Retained,1
C14532,11.0,350.83,Churned,0
C14533,5.0,390.03,Retained,1
C14534,17.0,216.84,Retained,1
C14535,7.0,574.36,Retained,1
C14536,1.0,171.8,Churned,0
C14538,4.0,272.27,Retained,1
C14540,9.0,332.78,Retained,1
C14541,12.0,170.98,Retained,1
C14542,1.0,103.25,Churned,0
C14543,32.0,429.12,Retained,1
C14544,2.0,1039.95,Retained,1
C14546,8.0,436.84,Retained,1
C14548,8.0,287.64,Retained,1
C14549,4.0,229.14,Churned,0
C14551,6.0,136.54,Retained,1
C14553,6.0,215.76,Retained,1
C14555,5.0,437.89,Retained,1
C14560,31.0,164.78,Retained,1
C14561,1.0,222.07,Retained,1
C14562,12.0,232.18,Retained,1
C14565,3.0,879.22,Retained,1
C14570,3.0,204.58,Churned,0
C14572,7.0,551.47,Retained,1
C14573,11.0,175.8,Retained,1
C14577,5.0,196.51,Retained,1
C14583,5.0,208.56,Retained,1
C14584,7.0,219.21,Retained,1
C14586,1.0,237.36,Churned,0
C14587,8.0,184.19,Retained,1
C14591,1.0,250.22,Retained,1
C14593,11.0,312.15,Retained,1
C14595,3.0,195.88,Retained,1
C14597,5.0,296.7,Retained,1
C14600,2.0,432.58,Churned,0
C14603,1.0,660.0,Churned,0
C14606,54.53,168.02,Retained,1
C14607,9.0,895.9,Retained,1
C14608,8.0,221.47,Retained,1
C14609,7.0,146.95,Retained,1
C14616,5.0,105.56,Churned,0
C14618,5.0,200.14,Retained,1
C14619,2.0,645.62,Churned,0
C14620,2.0,206.39,Churned,0
C14621,6.0,308.09,Retained,1
C14622,1.0,320.58,Churned,0
C14623,7.0,224.03,Retained,1
C14625,11.0,408.9,Churned,0
C14626,8.0,400.82,Retained,1
C14628,4.0,414.4,Retained,1
C14631,5.0,329.76,Retained,1
C14632,1.0,114.56,Churned,0
C14633,1.0,344.9,Churned,0
C14636,1.0,300.19,Retained,1
C14639,5.0,645.92,Retained,1
C14640,5.0,391.09,Retained,1
C14643,4.0,336.0,Retained,1
C14644,6.0,267.41,Retained,1
C14645,2.0,259.95,Retained,1
C14646,54.53,1743.59,Retained,1
C14647,2.0,259.98,Churned,0
C14649,7.0,420.32,Retained,1
C14651,8.0,224.48,Retained,1
C14653,6.0,335.3,Retained,1
C14655,4.0,689.21,Retained,1
C14656,4.0,164.18,Retained,1
C14657,4.0,284.26,Retained,1
C14659,5.0,276.35,Retained,1
C14662,6.0,195.0,Retained,1
C14665,5.0,329.12,Retained,1
C14667,40.0,386.05,Retained,1
C14669,7.0,463.42,Churned,0
C14670,3.0,200.67,Churned,0
C14672,4.0,278.29,Churned,0
C14676,9.0,773.01,Retained,1
C14680,51.0,813.95,Retained,1
C14681,4.0,192.54,Retained,1
C14682,6.0,252.47,Churned,0
C14684,3.0,250.51,Retained,1
C14688,17.0,260.32,Retained,1
C14689,1.0,112.8,Churned,0
C14691,1.0,439.6,Retained,1
C14692,11.0,148.53,Retained,1
C14693,7.0,166.48,Churned,0
C14696,5.0,313.14,Retained,1
C14697,2.0,94.3,Churned,0
C14699,4.0,175.65,Churned,0
C14700,4.0,609.64,Retained,1
C14701,11.0,342.13,Retained,1
C14702,18.0,242.53,Retained,1
C14705,1.0,179.0,Churned,0
C14709,17.0,347.55,Retained,1
C14711,6.0,267.33,Retained,1
C14713,17.0,229.6,Retained,1
C14715,6.0,203.42,Retained,1
C14719,1.0,223.46,Retained,1
C14723,8.0,144.35,Retained,1
C14727,3.0,155.98,Churned,0
C14730,3.0,185.2,Retained,1
C14731,2.0,125.51,Retained,1
C14732,15.0,273.19,Retained,1
C14733,11.0,1152.42,Retained,1
C14735,41.0,212.92,Retained,1
C14737,2.0,1411.81,Retained,1
C14738,6.0,172.19,Retained,1
C14739,21.0,427.57,Retained,1
C14740,11.0,378.28,Churned,0
C14741,3.0,269.35,Retained,1
C14744,12.0,290.68,Retained,1
C14745,9.0,214.8,Retained,1
C14747,1.0,328.2,Churned,0
C14748,8.0,254.66,Retained,1
C14754,5.0,228.14,Retained,1
C14755,18.0,379.15,Retained,1
C14758,6.0,431.31,Retained,1
C14759,1.0,572.25,Retained,1
C14760,1.0,89.2,Churned,0
C14761,2.0,144.76,Retained,1
C14762,2.0,208.78,Churned,0
C14766,8.0,633.57,Retained,1
C14769,13.0,841.11,Retained,1
C14770,8.0,454.7,Churned,0
C14776,7.0,320.66,Retained,1
C14778,1.0,334.05,Retained,1
C14779,3.0,128.72,Churned,0
C14782,1.0,200.1,Churned,0
C14784,2.0,137.31,Retained,1
C14790,7.0,276.25,Retained,1
C14794,7.0,187.65,Retained,1
C14796,19.0,298.67,Retained,1
C14798,6.0,104.38,Retained,1
C14800,12.0,522.73,Retained,1
C14803,2.0,365.4,Retained,1
C14805,4.0,164.81,Retained,1
C14810,10.0,154.74,Retained,1
C14816,1.0,271.85,Churned,0
C14817,7.0,565.69,Churned,0
C14818,4.0,157.72,Retained,1
C14819,3.0,94.27,Retained,1
C14823,2.0,105.32,Retained,1
C14825,17.0,208.23,Retained,1
C14828,13.0,756.88,Churned,0
C14829,6.0,214.99,Retained,1
C14834,2.0,364.78,Retained,1
C14837,6.0,383.85,Retained,1
C14840,2.0,181.36,Churned,0
C14841,11.0,513.55,Retained,1
C14842,2.0,844.24,Retained,1
C14844,7.0,626.74,Retained,1
C14849,28.0,353.21,Retained,1
C14850,7.0,256.29,Churned,0
C14851,2.0,262.1,Retained,1
C14852,13.0,292.38,Retained,1
C14853,4.0,278.89,Retained,1
C14854,7.0,393.48,Retained,1
C14859,2.0,324.38,Retained,1
C14867,16.0,184.5,Churned,0
C14868,5.0,333.95,Retained,1
C14870,6.0,306.49,Churned,0
C14871,7.0,140.74,Retained,1
C14873,2.0,427.06,Churned,0
C14875,2.0,879.54,Retained,1
C14878,20.0,173.57,Retained,1
C14880,2.0,181.64,Retained,1
C14883,1.0,310.56,Retained,1
C14886,1.0,364.8,Churned,0
C14888,1.0,369.2,Churned,0
C14889,1.0,135.9,Churned,0
C14890,3.0,272.42,Churned,0
C14891,3.0,333.91,Retained,1
C14895,21.0,852.41,Retained,1
C14896,8.0,229.4,Churned,0
C14897,5.0,389.93,Retained,1
C14898,12.0,226.39,Retained,1
C14901,6.0,167.17,Retained,1
C14903,3.0,600.08,Retained,1
C14905,7.0,237.68,Retained,1
C14907,12.0,250.61,Retained,1
C14911,54.53,726.71,Retained,1
C14912,5.0,300.84,Retained,1
C14913,7.0,537.55,Retained,1
C14915,10.0,164.6,Retained,1
C14916,5.0,413.8,Retained,1
C14920,3.0,535.72,Churned,0
C14921,1.0,903.01,Retained,1
C14924,3.0,310.34,Churned,0
C14930,4.0,994.48,Retained,1
C14931,2.0,293.0,Retained,1
C14934,4.0,610.35,Retained,1
C14935,2.0,1424.92,Churned,0
C14936,5.0,1170.03,Retained,1
C14944,12.0,476.37,Retained,1
C14948,1.0,278.4,Retained,1
C14952,28.0,466.59,Retained,1
C14957,2.0,166.64,Churned,0
C14958,5.0,170.11,Retained,1
C14959,2.0,211.19,Retained,1
C14961,18.0,696.95,Retained,1
C14962,4.0,91.73,Churned,0
C14963,8.0,246.36,Retained,1
C14964,1.0,206.21,Churned,0
C14970,10.0,410.95,Retained,1
C14973,1.0,654.6,Retained,1
C14976,3.0,150.09,Retained,1
C14978,9.0,305.33,Retained,1
C14981,2.0,186.46,Churned,0
C14985,2.0,148.38,Churned,0
C14988,7.0,295.23,Churned,0
C14995,1.0,119.31,Retained,1
C14998,3.0,174.83,Retained,1
C15002,8.0,461.43,Retained,1
C15005,41.0,256.54,Retained,1
C15018,2.0,145.67,Retained,1
C15019,1.0,266.0,Churned,0
C15021,6.0,224.74,Retained,1
C15023,13.0,597.31,Retained,1
C15024,9.0,290.12,Retained,1
C15026,4.0,205.85,Retained,1
C15027,8.0,347.95,Retained,1
C15030,7.0,230.63,Retained,1
C15031,11.0,239.93,Retained,1
C15032,8.0,1376.26,Churned,0
C15033,3.0,389.71,Retained,1
C15034,11.0,606.33,Retained,1
C15038,7.0,142.2,Retained,1
C15039,54.53,460.25,Retained,1
C15042,2.0,157.72,Churned,0
C15044,29.0,448.6,Retained,1
C15045,1.0,388.9,Retained,1
C15046,18.0,273.12,Retained,1
C15047,1.0,343.62,Churned,0
C15048,2.0,128.22,Retained,1
C15049,1.0,121.17,Churned,0
C15052,1.0,215.78,Churned,0
C15053,1.0,222.65,Retained,1
C15057,5.0,651.19,Churned,0
C15058,11.0,208.76,Retained,1
C15059,14.0,196.78,Retained,1
C15061,54.53,946.2,Retained,1
C15062,7.0,344.54,Retained,1
C15063,1.0,370.8,Churned,0
C15065,3.0,525.04,Retained,1
C15067,3.0,993.72,Retained,1
C15068,3.0,287.82,Retained,1
C15071,3.0,354.05,Retained,1
C15073,7.0,372.37,Retained,1
C15078,35.0,335.08,Retained,1
C15079,11.0,329.58,Churned,0
C15081,9.0,177.54,Retained,1
C15083,1.0,88.2,Churned,0
C15087,1.0,306.94,Churned,0
C15090,1.0,381.32,Churned,0
C15092,3.0,258.82,Churned,0
C15093,21.0,595.34,Retained,1
C15095,7.0,363.08,Retained,1
C15100,7.0,313.41,Churned,0
C15101,5.0,252.54,Retained,1
C15104,2.0,513.72,Churned,0
C15106,2.0,389.22,Retained,1
C15107,9.0,91.59,Churned,0
C15108,3.0,207.82,Retained,1
C15109,3.0,327.7,Churned,0
C15110,3.0,226.47,Retained,1
C15114,5.0,271.49,Retained,1
C15116,1.0,479.65,Retained,1
C15117,4.0,311.65,Retained,1
C15119,1.0,266.4,Churned,0
C15121,1.0,295.15,Retained,1
C15122,10.0,379.43,Retained,1
C15123,4.0,881.58,Retained,1
C15124,3.0,119.13,Retained,1
C15125,13.0,985.16,Retained,1
C15128,2.0,398.19,Retained,1
C15129,16.0,283.32,Retained,1
C15132,2.0,244.94,Retained,1
C15133,4.0,370.6,Retained,1
C15134,4.0,111.94,Retained,1
C15135,2.0,152.84,Churned,0
C15139,2.0,89.48,Churned,0
C15140,4.0,504.22,Retained,1
C15143,2.0,281.82,Churned,0
C15144,17.0,427.93,Retained,1
C15145,2.0,362.02,Retained,1
C15146,1.0,834.22,Retained,1
C15147,1.0,623.5,Churned,0
C15150,5.0,1000.94,Retained,1
C15152,2.0,637.12,Retained,1
C15157,3.0,601.17,Retained,1
C15159,18.0,508.42,Retained,1
C15160,4.0,147.32,Churned,0
C15163,1.0,155.0,Retained,1
C15164,8.0,199.26,Retained,1
C15167,5.0,331.93,Churned,0
C15171,1.0,1289.5,Churned,0
C15172,2.0,263.1,Retained,1
C15174,2.0,240.73,Churned,0
C15178,1.0,40.5,Churned,0
C15179,11.0,612.74,Retained,1
C15181,3.0,270.24,Retained,1
C15182,10.0,274.66,Retained,1
C15184,3.0,172.81,Retained,1
C15187,1.0,431.6,Retained,1
C15189,22.0,310.42,Retained,1
C15192,4.0,340.02,Retained,1
C15194,22.0,366.64,Retained,1
C15197,5.0,314.23,Retained,1
C15199,8.0,313.86,Retained,1
C15201,4.0,302.17,Retained,1
C15203,11.0,296.84,Retained,1
C15204,1.0,316.58,Churned,0
C15206,1.0,17.7,Retained,1
C15208,2.0,82.9,Retained,1
C15210,3.0,392.06,Churned,0
C15212,2.0,104.14,Churned,0
C15213,2.0,164.18,Churned,0
C15214,2.0,325.81,Retained,1
C15218,14.0,536.92,Retained,1
C15220,3.0,286.06,Retained,1
C15222,11.0,322.81,Churned,0
C15223,5.0,283.59,Churned,0
C15224,5.0,174.27,Churned,0
C15225,1.0,409.4,Churned,0
C15226,1.0,154.41,Churned,0
C15227,7.0,306.56,Retained,1
C15228,3.0,1032.8,Retained,1
C15230,2.0,214.8,Churned,0
C15234,1.0,197.0,Churned,0
C15235,16.0,173.3,Churned,0
C15236,1.0,321.05,Churned,0
C15237,2.0,546.82,Retained,1
C15238,1.0,300.14,Retained,1
C15240,10.0,379.88,Retained,1
C15241,7.0,337.01,Retained,1
C15244,2.0,289.23,Retained,1
C15245,7.0,547.53,Retained,1
C15246,3.0,260.13,Churned,0
C15249,10.0,541.89,Retained,1
C15251,12.0,1161.27,Retained,1
C15252,4.0,415.8,Retained,1
C15257,2.0,342.95,Churned,0
C15258,1.0,315.66,Retained,1
C15260,23.0,357.71,Retained,1
C15262,3.0,139.61,Churned,0
C15265,3.0,850.59,Retained,1
C15266,5.0,170.44,Churned,0
C15270,18.0,414.4,Retained,1
C15271,14.0,201.88,Retained,1
C15279,5.0,316.11,Churned,0
C15281,13.0,626.06,Retained,1
C15288,8.0,379.37,Retained,1
C15289,3.0,342.92,Retained,1
C15290,16.0,286.6,Retained,1
C15291,34.0,339.09,Retained,1
C15292,1.0,180.94,Churned,0
C15296,9.0,971.95,Retained,1
C15298,16.0,377.44,Retained,1
C15299,7.0,583.5,Retained,1
C15301,11.0,421.42,Retained,1
C15303,3.0,408.06,Churned,0
C15304,6.0,80.6,Retained,1
C15308,1.0,310.47,Churned,0
C15311,54.53,543.86,Retained,1
C15312,10.0,261.32,Retained,1
C15314,3.0,273.48,Churned,0
C15316,1.0,165.0,Churned,0
C15319,1.0,204.5,Churned,0
C15321,10.0,512.09,Retained,1
C15326,5.0,340.1,Churned,0
C15333,1.0,1028.56,Churned,0
C15339,6.0,251.94,Retained,1
C15346,3.0,198.71,Churned,0
C15349,1.0,366.11,Retained,1
C15353,7.0,409.19,Churned,0
C15356,8.0,218.76,Retained,1
C15358,31.0,401.35,Retained,1
C15361,4.0,172.27,Churned,0
C15364,1.0,331.8,Retained,1
C15365,7.0,350.2,Retained,1
C15366,6.0,315.35,Retained,1
C15367,9.0,513.32,Retained,1
C15370,4.0,620.22,Retained,1
C15373,11.0,169.36,Retained,1
C15376,1.0,654.17,Retained,1
C15379,7.0,678.15,Retained,1
C15381,5.0,378.11,Churned,0
C15382,10.0,990.5,Retained,1
C15384,3.0,562.98,Retained,1
C15386,1.0,394.14,Churned,0
C15388,1.0,140.54,Churned,0
C15392,4.0,428.77,Retained,1
C15393,4.0,195.9,Retained,1
C15394,9.0,504.41,Retained,1
C15395,1.0,107.45,Churned,0
C15397,1.0,94.0,Churned,0
C15400,5.0,208.98,Retained,1
C15402,5.0,328.95,Retained,1
C15405,2.0,329.92,Churned,0
C15406,3.0,239.15,Retained,1
C15407,3.0,246.91,Retained,1
C15408,1.0,267.18,Churned,0
C15410,6.0,505.96,Retained,1
C15414,1.0,36.2,Retained,1
C15415,1.0,572.81,Churned,0
C15416,5.0,572.59,Retained,1
C15421,9.0,399.37,Retained,1
C15422,7.0,231.42,Churned,0
C15424,3.0,199.26,Churned,0
C15426,6.0,236.59,Retained,1
C15433,2.0,266.65,Churned,0
C15434,7.0,261.79,Retained,1
C15436,1.0,489.05,Retained,1
C15437,2.0,196.72,Churned,0
C15440,1.0,125.8,Retained,1
C15442,1.0,594.0,Churned,0
C15443,8.0,297.09,Retained,1
C15445,2.0,142.25,Churned,0
C15447,5.0,98.58,Churned,0
C15448,2.0,394.4,Churned,0
C15449,2.0,323.85,Retained,1
C15452,4.0,376.91,Retained,1
C15453,1.0,197.09,Retained,1
C15454,2.0,153.84,Churned,0
C15456,10.0,211.93,Churned,0
C15457,1.0,237.07,Churned,0
C15460,1.0,216.76,Churned,0
C15462,2.0,303.73,Retained,1
C15464,1.0,1048.85,Churned,0
C15465,26.0,381.87,Retained,1
C15482,10.0,497.5,Retained,1
C15483,7.0,106.18,Retained,1
C15485,6.0,587.51,Retained,1
C15489,6.0,272.27,Retained,1
C15491,3.0,548.31,Retained,1
C15493,6.0,544.07,Retained,1
C15497,8.0,1045.72,Retained,1
C15498,30.0,629.64,Retained,1
C15502,6.0,886.6,Retained,1
C15503,2.0,133.57,Churned,0
C15508,6.0,166.71,Churned,0
C15510,1.0,250.0,Churned,0
C15512,3.0,103.93,Retained,1
C15513,28.0,633.87,Retained,1
C15514,13.0,386.23,Retained,1
C15517,1.0,267.03,Churned,0
C15518,11.0,296.73,Retained,1
C15521,12.0,481.19,Retained,1
C15527,18.0,224.77,Retained,1
C15528,1.0,229.33,Churned,0
C15529,8.0,344.16,Retained,1
C15530,2.0,432.25,Retained,1
C15532,7.0,363.9,Retained,1
C15535,5.0,192.56,Retained,1
C15543,2.0,121.42,Churned,0
C15544,15.0,401.38,Retained,1
C15547,19.0,400.21,Retained,1
C15549,6.0,265.8,Retained,1
C15550,9.0,197.9,Retained,1
C15552,2.0,126.26,Churned,0
C15554,1.0,217.2,Churned,0
C15555,26.0,318.15,Retained,1
C15561,5.0,279.91,Retained,1
C15562,3.0,224.46,Churned,0
C15563,5.0,440.44,Retained,1
C15569,6.0,416.52,Retained,1
C15570,21.0,340.63,Retained,1
C15572,6.0,398.64,Retained,1
C15574,5.0,206.19,Retained,1
C15577,3.0,56.25,Retained,1
C15579,4.0,288.38,Retained,1
C15581,33.0,135.67,Retained,1
C15582,1.0,303.61,Retained,1
C15587,4.0,238.32,Retained,1
C15589,3.0,159.51,Churned,0
C15594,1.0,267.91,Retained,1
C15596,8.0,338.85,Retained,1
C15599,2.0,468.58,Retained,1
C15601,25.0,486.55,Retained,1
C15602,12.0,198.59,Retained,1
C15605,7.0,176.27,Retained,1
C15606,14.0,295.51,Retained,1
C15607,9.0,189.89,Churned,0
C15609,1.0,298.48,Churned,0
C15611,17.0,108.11,Retained,1
C15615,36.0,449.89,Retained,1
C15620,3.0,421.4,Retained,1
C15622,13.0,518.85,Retained,1
C15624,2.0,155.7,Retained,1
C15625,6.0,399.58,Retained,1
C15626,2.0,336.8,Retained,1
C15628,10.0,315.38,Retained,1
C15630,2.0,345.96,Retained,1
C15632,3.0,414.17,Retained,1
C15636,3.0,342.17,Retained,1
C15640,22.0,813.11,Retained,1
C15641,11.0,433.07,Retained,1
C15643,3.0,221.33,Churned,0
C15644,3.0,141.06,Retained,1
C15646,4.0,169.3,Retained,1
C15648,2.0,328.68,Churned,0
C15649,4.0,415.09,Churned,0
C15651,3.0,280.03,Retained,1
C15655,1.0,560.67,Churned,0
C15656,2.0,153.43,Retained,1
C15658,8.0,264.66,Churned,0
C15660,10.0,174.18,Retained,1
C15661,8.0,151.99,Churned,0
C15665,4.0,812.33,Retained,1
C15668,1.0,76.32,Churned,0
C15669,1.0,198.8,Retained,1
C15670,2.0,162.6,Churned,0
C15671,3.0,344.38,Retained,1
C15673,7.0,759.93,Retained,1
C15674,12.0,490.11,Retained,1
C15675,2.0,131.68,Retained,1
C15676,1.0,897.8,Retained,1
C15681,12.0,188.9,Retained,1
C15687,5.0,335.89,Retained,1
C15689,2.0,185.22,Retained,1
C15691,4.0,142.82,Churned,0
C15694,18.0,361.15,Retained,1
C15695,4.0,282.76,Churned,0
C15696,11.0,255.27,Retained,1
C15703,1.0,211.5,Churned,0
C15704,4.0,757.92,Retained,1
C15705,1.0,143.1,Churned,0
C15708,7.0,390.3,Retained,1
C15709,2.0,163.92,Churned,0
C15712,9.0,317.63,Retained,1
C15716,10.0,229.33,Retained,1
C15717,5.0,121.4,Churned,0
C15719,25.0,304.34,Retained,1
C15722,8.0,475.77,Retained,1
C15723,4.0,236.91,Churned,0
C15724,3.0,103.62,Churned,0
C15727,12.0,626.45,Retained,1
C15729,3.0,64.18,Churned,0
C15730,3.0,357.71,Retained,1
C15732,10.0,154.4,Churned,0
C15733,1.0,162.3,Churned,0
C15734,3.0,500.83,Retained,1
C15737,4.0,182.43,Retained,1
C15738,35.0,318.86,Retained,1
C15743,1.0,322.55,Retained,1
C15745,1.0,302.85,Retained,1
C15749,3.0,1743.59,Churned,0
C15750,13.0,354.14,Retained,1
C15752,5.0,471.14,Retained,1
C15753,1.0,79.2,Churned,0
C15754,7.0,381.55,Retained,1
C15755,13.0,326.89,Retained,1
C15756,2.0,124.56,Retained,1
C15757,5.0,497.46,Retained,1
C15759,7.0,118.7,Churned,0
C15764,5.0,583.53,Retained,1
C15768,33.0,468.44,Retained,1
C15769,33.0,1743.59,Retained,1
C15775,2.0,75.25,Churned,0
C15777,7.0,251.8,Churned,0
C15780,3.0,158.43,Churned,0
C15781,1.0,83.35,Retained,1
C15785,13.0,382.41,Retained,1
C15789,6.0,327.0,Churned,0
C15791,4.0,804.72,Retained,1
C15793,6.0,290.1,Retained,1
C15796,13.0,285.71,Retained,1
C15797,5.0,490.78,Retained,1
C15799,3.0,340.46,Retained,1
C15800,6.0,131.33,Retained,1
C15804,1.0,525.36,Retained,1
C15805,20.0,368.26,Retained,1
C15806,1.0,300.36,Retained,1
C15808,21.0,828.02,Churned,0
C15809,6.0,192.98,Churned,0
C15810,6.0,410.2,Retained,1
C15811,5.0,535.38,Retained,1
C15812,10.0,445.46,Retained,1
C15813,2.0,651.95,Churned,0
C15815,3.0,464.69,Retained,1
C15819,8.0,400.81,Retained,1
C15820,1.0,206.98,Churned,0
C15822,5.0,278.96,Retained,1
C15826,2.0,831.98,Retained,1
C15827,24.0,120.11,Retained,1
C15831,1.0,309.94,Retained,1
C15832,1.0,836.79,Churned,0
C15834,5.0,564.12,Retained,1
C15835,2.0,244.16,Retained,1
C15838,22.0,1743.59,Retained,1
C15841,7.0,304.52,Retained,1
C15843,1.0,118.95,Churned,0
C15845,6.0,375.28,Retained,1
C15847,4.0,153.5,Retained,1
C15852,3.0,85.75,Churned,0
C15854,15.0,279.57,Retained,1
C15855,5.0,163.03,Retained,1
C15856,33.0,703.06,Retained,1
C15858,10.0,295.38,Retained,1
C15860,12.0,153.8,Retained,1
C15861,6.0,326.48,Retained,1
C15862,11.0,202.93,Retained,1
C15863,4.0,74.76,Retained,1
C15864,2.0,243.43,Retained,1
C15865,3.0,555.91,Retained,1
C15867,26.0,276.78,Retained,1
C15869,3.0,107.89,Churned,0
C15874,19.0,475.88,Retained,1
C15881,5.0,100.28,Churned,0
C15882,8.0,140.58,Churned,0
C15885,13.0,122.11,Retained,1
C15891,1.0,524.52,Churned,0
C15894,2.0,131.78,Churned,0
C15897,2.0,111.02,Churned,0
C15898,24.0,195.36,Retained,1
C15903,7.0,636.39,Retained,1
C15906,6.0,278.52,Retained,1
C15907,1.0,251.18,Retained,1
C15910,11.0,181.84,Retained,1
C15912,8.0,118.95,Retained,1
C15916,10.0,251.52,Retained,1
C15917,5.0,112.13,Churned,0
C15918,3.0,194.29,Churned,0
C15925,1.0,207.15,Churned,0
C15932,4.0,318.31,Retained,1
C15935,2.0,208.43,Churned,0
C15938,8.0,83.19,Retained,1
C15939,10.0,757.77,Retained,1
C15940,1.0,35.8,Churned,0
C15944,4.0,541.06,Churned,0
C15950,7.0,834.86,Retained,1
C15951,2.0,340.06,Retained,1
C15952,1.0,232.65,Retained,1
C15953,14.0,187.6,Retained,1
C15955,11.0,465.03,Retained,1
C15967,11.0,254.23,Retained,1
C15969,3.0,256.55,Retained,1
C15970,2.0,508.66,Churned,0
C15971,10.0,278.91,Retained,1
C15974,4.0,513.71,Retained,1
C15976,5.0,305.14,Retained,1
C15980,5.0,991.0,Retained,1
C15981,17.0,445.68,Retained,1
C15983,7.0,401.22,Retained,1
C15984,25.0,263.24,Retained,1
C15985,6.0,412.07,Retained,1
C15987,5.0,126.69,Retained,1
C15990,6.0,269.88,Retained,1
C15996,4.0,254.56,Retained,1
C15998,13.0,538.51,Retained,1
C16003,6.0,676.58,Retained,1
C16005,7.0,285.49,Retained,1
C16006,2.0,173.58,Churned,0
C16007,4.0,435.74,Retained,1
C16008,13.0,388.04,Retained,1
C16010,11.0,156.73,Churned,0
C16011,20.0,175.41,Retained,1
C16013,54.53,534.25,Retained,1
C16014,3.0,243.61,Retained,1
C16016,7.0,208.64,Retained,1
C16019,24.0,673.71,Retained,1
C16022,1.0,628.28,Churned,0
C16023,2.0,250.35,Retained,1
C16027,12.0,135.87,Retained,1
C16029,54.53,990.55,Retained,1
C16030,1.0,331.24,Churned,0
C16031,1.0,305.63,Retained,1
C16033,18.0,285.65,Retained,1
C16034,6.0,154.79,Churned,0
C16036,3.0,662.22,Retained,1
C16037,5.0,301.87,Churned,0
C16038,1.0,316.95,Retained,1
C16040,5.0,305.16,Retained,1
C16042,4.0,273.2,Retained,1
C16043,7.0,251.3,Retained,1
C16045,6.0,492.58,Retained,1
C16055,1.0,134.8,Churned,0
C16057,6.0,441.88,Retained,1
C16059,9.0,254.15,Retained,1
C16062,6.0,381.34,Retained,1
C16063,1.0,335.32,Churned,0
C16072,4.0,1082.22,Churned,0
C16073,1.0,122.4,Churned,0
C16076,1.0,305.45,Retained,1
C16078,2.0,181.5,Churned,0
C16080,3.0,171.89,Retained,1
C16081,6.0,414.68,Retained,1
C16083,3.0,457.26,Retained,1
C16084,1.0,436.18,Churned,0
C16085,9.0,187.45,Retained,1
C16086,8.0,269.18,Retained,1
C16091,1.0,157.25,Retained,1
C16092,5.0,272.76,Retained,1
C16094,8.0,358.68,Retained,1
C16096,4.0,396.24,Churned,0
C16097,1.0,185.05,Churned,0
C16098,11.0,294.01,Retained,1
C16099,5.0,231.92,Retained,1
C16103,19.0,293.02,Retained,1
C16105,5.0,477.24,Churned,0
C16107,1.0,532.9,Retained,1
C16109,3.0,313.16,Churned,0
C16110,3.0,391.91,Retained,1
C16112,2.0,68.07,Retained,1
C16113,1.0,161.38,Churned,0
C16115,7.0,202.58,Retained,1
C16116,1.0,612.78,Churned,0
C16117,3.0,218.13,Churned,0
C16121,4.0,224.47,Retained,1
C16122,4.0,115.26,Retained,1
C16124,4.0,443.12,Churned,0
C16126,13.0,784.85,Retained,1
C16128,7.0,329.88,Retained,1
C16131,8.0,1014.42,Retained,1
C16133,35.0,434.13,Retained,1
C16134,4.0,452.7,Retained,1
C16135,2.0,409.72,Churned,0
C16136,2.0,198.36,Retained,1
C16139,3.0,205.18,Retained,1
C16142,1.0,535.34,Churned,0
C16143,10.0,370.43,Retained,1
C16144,1.0,175.2,Churned,0
C16145,12.0,360.19,Retained,1
C16146,3.0,290.46,Retained,1
C16148,2.0,193.31,Churned,0
C16150,7.0,416.23,Retained,1
C16152,1.0,1743.59,Churned,0
C16153,9.0,445.48,Retained,1
C16156,14.0,296.91,Retained,1
C16159,4.0,308.2,Churned,0
C16161,34.0,275.89,Retained,1
C16162,1.0,37.4,Churned,0
C16163,6.0,401.33,Churned,0
C16168,49.0,162.62,Retained,1
C16170,17.0,348.75,Retained,1
C16172,4.0,235.93,Retained,1
C16175,5.0,253.17,Retained,1
C16180,9.0,971.24,Retained,1
C16182,7.0,838.71,Retained,1
C16184,1.0,148.22,Retained,1
C16185,2.0,225.16,Retained,1
C16186,19.0,318.89,Retained,1
C16187,7.0,366.38,Retained,1
C16188,3.0,223.86,Retained,1
C16191,19.0,690.69,Retained,1
C16193,2.0,315.22,Churned,0
C16202,9.0,278.0,Churned,0
C16203,4.0,167.31,Retained,1
C16206,11.0,214.0,Retained,1
C16208,9.0,363.75,Retained,1
C16209,6.0,408.7,Retained,1
C16210,26.0,894.53,Retained,1
C16212,3.0,367.17,Retained,1
C16214,3.0,575.06,Retained,1
C16216,1.0,914.93,Churned,0
C16217,2.0,152.12,Churned,0
C16218,10.0,261.27,Retained,1
C16221,8.0,189.91,Retained,1
C16222,2.0,672.61,Churned,0
C16224,3.0,288.15,Retained,1
C16225,12.0,182.31,Retained,1
C16226,5.0,134.43,Churned,0
C16227,3.0,342.41,Churned,0
C16229,5.0,443.09,Retained,1
C16230,2.0,271.02,Churned,0
C16232,5.0,417.71,Retained,1
C16233,8.0,201.02,Retained,1
C16235,7.0,264.53,Retained,1
C16239,5.0,285.18,Retained,1
C16241,7.0,325.39,Retained,1
C16242,9.0,473.79,Retained,1
C16244,2.0,761.38,Churned,0
C16245,1.0,453.98,Retained,1
C16249,2.0,510.26,Retained,1
C16250,3.0,188.41,Churned,0
C16253,6.0,887.78,Retained,1
C16255,11.0,270.39,Retained,1
C16256,3.0,543.12,Churned,0
C16258,11.0,706.5,Retained,1
C16261,3.0,189.19,Retained,1
C16265,8.0,545.41,Retained,1
C16266,10.0,126.79,Retained,1
C16270,1.0,1141.24,Churned,0
C16271,6.0,361.17,Retained,1
C16275,3.0,717.04,Churned,0
C16282,3.0,435.86,Churned,0
C16283,4.0,777.7,Retained,1
C16293,9.0,351.11,Retained,1
C16297,1.0,301.9,Churned,0
C16298,5.0,120.36,Retained,1
C16303,5.0,678.96,Retained,1
C16306,7.0,160.67,Churned,0
C16308,5.0,704.0,Retained,1
C16309,1.0,334.2,Retained,1
C16315,2.0,201.36,Churned,0
C16316,10.0,463.51,Retained,1
C16317,3.0,473.87,Retained,1
C16319,1.0,404.4,Churned,0
C16320,5.0,1088.64,Retained,1
C16321,5.0,90.91,Retained,1
C16323,2.0,176.83,Churned,0
C16325,10.0,319.41,Retained,1
C16326,13.0,173.21,Retained,1
C16327,14.0,630.08,Retained,1
C16332,5.0,107.9,Retained,1
C16333,16.0,817.95,Retained,1
C16339,1.0,109.95,Churned,0
C16341,4.0,669.14,Retained,1
C16348,4.0,228.02,Retained,1
C16349,1.0,53.5,Churned,0
C16350,6.0,252.35,Retained,1
C16351,13.0,256.16,Churned,0
C16353,26.0,202.89,Retained,1
C16356,6.0,69.31,Churned,0
C16357,2.0,173.7,Retained,1
C16358,2.0,677.15,Retained,1
C16359,12.0,163.59,Retained,1
C16365,9.0,235.14,Retained,1
C16367,2.0,364.41,Retained,1
C16369,5.0,293.12,Retained,1
C16370,1.0,275.54,Retained,1
C16374,4.0,363.68,Retained,1
C16377,2.0,654.24,Churned,0
C16378,3.0,120.98,Churned,0
C16383,6.0,435.99,Retained,1
C16384,3.0,394.52,Retained,1
C16386,2.0,423.24,Retained,1
C16387,5.0,183.71,Churned,0
C16389,2.0,335.08,Retained,1
C16392,3.0,254.35,Churned,0
C16393,16.0,206.47,Retained,1
C16394,2.0,309.65,Retained,1
C16395,11.0,227.41,Retained,1
C16398,1.0,1169.95,Retained,1
C16399,2.0,205.83,Retained,1
C16401,16.0,275.8,Retained,1
C16402,2.0,149.8,Churned,0
C16403,1.0,177.5,Churned,0
C16405,2.0,83.62,Churned,0
C16407,9.0,165.5,Retained,1
C16409,9.0,498.19,Retained,1
C16414,4.0,121.06,Retained,1
C16418,3.0,190.86,Retained,1
C16419,4.0,258.03,Retained,1
C16422,54.53,541.76,Retained,1
C16424,2.0,221.53,Churned,0
C16425,1.0,302.7,Churned,0
C16426,1.0,328.37,Retained,1
C16427,2.0,120.53,Churned,0
C16431,3.0,214.27,Churned,0
C16434,8.0,242.96,Retained,1
C16440,2.0,244.38,Retained,1
C16441,4.0,216.06,Retained,1
C16442,4.0,179.93,Retained,1
C16444,15.0,216.13,Retained,1
C16446,1.0,2.9,Churned,0
C16448,2.0,183.94,Churned,0
C16449,2.0,353.84,Churned,0
C16455,9.0,366.19,Retained,1
C16456,11.0,499.43,Retained,1
C16457,1.0,208.36,Churned,0
C16458,19.0,186.23,Retained,1
C16462,2.0,34.0,Retained,1
C16463,1.0,319.37,Retained,1
C16466,10.0,255.92,Retained,1
C16469,3.0,151.79,Retained,1
C16470,9.0,226.87,Retained,1
C16471,4.0,297.5,Churned,0
C16473,3.0,124.18,Retained,1
C16475,1.0,310.0,Retained,1
C16477,9.0,350.27,Retained,1
C16483,1.0,139.35,Churned,0
C16484,1.0,285.7,Retained,1
C16493,5.0,229.65,Retained,1
C16494,1.0,826.53,Churned,0
C16495,2.0,123.26,Retained,1
C16496,5.0,383.26,Retained,1
C16497,22.0,240.01,Retained,1
C16499,8.0,322.29,Churned,0
C16500,4.0,152.01,Retained,1
C16503,10.0,327.58,Retained,1
C16509,1.0,363.7,Churned,0
C16511,4.0,302.38,Retained,1
C16515,7.0,315.93,Retained,1
C16517,1.0,162.7,Churned,0
C16518,3.0,221.92,Retained,1
C16520,6.0,359.48,Churned,0
C16523,15.0,355.56,Retained,1
C16525,38.0,508.71,Retained,1
C16529,4.0,503.0,Churned,0
C16531,7.0,219.8,Retained,1
C16532,3.0,1306.08,Retained,1
C16539,9.0,328.27,Retained,1
C16546,5.0,1061.41,Churned,0
C16549,25.0,365.88,Retained,1
C16550,16.0,500.49,Retained,1
C16551,5.0,325.21,Retained,1
C16552,2.0,189.86,Churned,0
C16553,30.0,521.85,Retained,1
C16554,7.0,331.25,Retained,1
C16556,14.0,452.69,Retained,1
C16558,28.0,300.58,Retained,1
C16560,7.0,362.74,Retained,1
C16565,4.0,193.26,Churned,0
C16566,2.0,140.06,Retained,1
C16567,2.0,432.8,Churned,0
C16570,13.0,397.63,Retained,1
C16571,8.0,407.97,Retained,1
C16572,1.0,342.58,Retained,1
C16573,1.0,292.63,Retained,1
C16584,4.0,709.88,Retained,1
C16586,3.0,487.59,Churned,0
C16587,1.0,225.15,Churned,0
C16592,20.0,260.76,Retained,1
C16593,7.0,142.37,Retained,1
C16598,1.0,145.05,Churned,0
C16600,9.0,175.26,Retained,1
C16607,18.0,226.46,Retained,1
C16609,3.0,662.54,Retained,1
C16610,1.0,75.66,Churned,0
C16611,6.0,297.52,Churned,0
C16612,7.0,395.24,Retained,1
C16617,1.0,151.85,Churned,0
C16618,4.0,360.32,Retained,1
C16619,4.0,484.58,Churned,0
C16620,5.0,335.15,Retained,1
C16621,2.0,245.35,Retained,1
C16623,4.0,253.81,Churned,0
C16624,1.0,426.43,Retained,1
C16625,5.0,330.81,Churned,0
C16626,2.0,695.94,Retained,1
C16628,4.0,210.74,Retained,1
C16633,1.0,447.52,Retained,1
C16634,6.0,274.97,Churned,0
C16637,1.0,303.62,Retained,1
C16638,11.0,173.71,Retained,1
C16639,3.0,320.54,Retained,1
C16642,2.0,348.42,Retained,1
C16643,2.0,461.56,Churned,0
C16644,1.0,722.41,Retained,1
C16647,3.0,151.86,Retained,1
C16652,12.0,1152.59,Retained,1
C16654,7.0,202.86,Retained,1
C16655,9.0,442.73,Retained,1
C16656,21.0,560.23,Retained,1
C16657,1.0,242.55,Retained,1
C16659,1.0,39.12,Churned,0
C16660,5.0,199.25,Retained,1
C16665,1.0,135.4,Churned,0
C16667,1.0,203.35,Retained,1
C16668,9.0,75.36,Retained,1
C16670,14.0,420.18,Retained,1
C16672,10.0,415.43,Retained,1
C16676,5.0,373.66,Retained,1
C16678,5.0,253.33,Retained,1
C16681,4.0,256.84,Retained,1
C16682,1.0,525.5,Retained,1
C16684,40.0,1743.59,Retained,1
C16686,13.0,249.05,Retained,1
C16690,3.0,71.32,Retained,1
C16692,4.0,478.68,Churned,0
C16693,4.0,218.75,Retained,1
C16696,3.0,186.3,Retained,1
C16697,1.0,112.75,Churned,0
C16698,2.0,999.0,Churned,0
C16700,19.0,352.76,Retained,1
C16701,19.0,353.51,Retained,1
C16705,30.0,1202.95,Retained,1
C16709,13.0,618.63,Retained,1
C16710,18.0,284.9,Retained,1
C16711,6.0,302.71,Retained,1
C16712,6.0,304.32,Retained,1
C16713,25.0,393.39,Retained,1
C16714,4.0,382.45,Churned,0
C16716,3.0,716.56,Churned,0
C16719,11.0,248.22,Retained,1
C16721,1.0,292.47,Churned,0
C16722,15.0,380.81,Retained,1
C16725,14.0,125.71,Churned,0
C16726,6.0,250.26,Retained,1
C16727,4.0,359.36,Churned,0
C16728,2.0,163.46,Retained,1
C16729,10.0,312.88,Retained,1
C16730,2.0,240.47,Retained,1
C16735,11.0,460.72,Retained,1
C16738,1.0,3.75,Churned,0
C16743,10.0,307.69,Retained,1
C16745,10.0,412.3,Retained,1
C16746,32.0,445.56,Retained,1
C16748,12.0,252.64,Retained,1
C16750,1.0,118.7,Retained,1
C16755,6.0,385.37,Retained,1
C16756,7.0,187.48,Churned,0
C16757,2.0,135.24,Churned,0
C16763,2.0,482.35,Churned,0
C16765,2.0,227.38,Churned,0
C16766,2.0,572.8,Churned,0
C16767,7.0,734.61,Retained,1
C16768,7.0,201.9,Retained,1
C16769,4.0,285.44,Churned,0
C16770,8.0,210.96,Retained,1
C16771,8.0,422.09,Retained,1
C16775,9.0,202.35,Retained,1
C16777,4.0,314.67,Retained,1
C16778,1.0,93.18,Retained,1
C16779,42.0,631.98,Retained,1
C16780,2.0,171.12,Retained,1
C16782,32.0,285.47,Retained,1
C16788,4.0,412.5,Retained,1
C16791,12.0,241.09,Retained,1
C16792,5.0,124.69,Churned,0
C16801,3.0,492.96,Retained,1
C16804,1.0,118.05,Retained,1
C16805,4.0,212.86,Retained,1
C16806,2.0,207.18,Retained,1
C16807,5.0,330.82,Retained,1
C16808,1.0,166.5,Retained,1
C16809,6.0,192.64,Retained,1
C16810,2.0,421.02,Churned,0
C16812,4.0,598.0,Churned,0
C16813,2.0,158.4,Retained,1
C16814,27.0,366.3,Retained,1
C16816,2.0,162.72,Retained,1
C16817,11.0,194.13,Retained,1
C16818,4.0,298.29,Retained,1
C16823,7.0,322.87,Churned,0
C16825,4.0,342.6,Retained,1
C16832,5.0,83.52,Churned,0
C16833,5.0,394.76,Retained,1
C16834,2.0,449.48,Churned,0
C16837,8.0,226.84,Retained,1
C16838,4.0,289.9,Churned,0
C16839,24.0,508.63,Retained,1
C16841,9.0,342.16,Retained,1
C16842,1.0,520.57,Retained,1
C16843,25.0,528.67,Retained,1
C16849,1.0,124.57,Churned,0
C16850,1.0,332.41,Churned,0
C16859,6.0,240.74,Retained,1
C16871,4.0,509.46,Retained,1
C16872,4.0,230.37,Retained,1
C16873,9.0,1191.91,Retained,1
C16875,9.0,327.12,Retained,1
C16877,1.0,77.75,Retained,1
C16880,2.0,295.83,Retained,1
C16882,2.0,107.85,Retained,1
C16883,19.0,119.4,Churned,0
C16885,2.0,214.94,Retained,1
C16889,6.0,421.82,Churned,0
C16892,3.0,113.18,Retained,1
C16897,2.0,144.89,Churned,0
C16899,4.0,196.75,Retained,1
C16904,11.0,211.6,Retained,1
C16905,13.0,194.71,Retained,1
C16906,6.0,210.66,Retained,1
C16907,7.0,161.18,Retained,1
C16912,9.0,341.18,Retained,1
C16913,3.0,141.3,Churned,0
C16915,7.0,155.47,Retained,1
C16917,2.0,928.92,Churned,0
C16918,11.0,220.02,Retained,1
C16919,22.0,199.38,Retained,1
C16923,24.0,415.14,Retained,1
C16927,2.0,170.72,Retained,1
C16928,19.0,118.72,Retained,1
C16931,11.0,216.41,Retained,1
C16933,8.0,355.34,Retained,1
C16938,6.0,762.4,Retained,1
C16940,6.0,689.24,Retained,1
C16942,4.0,227.06,Retained,1
C16943,5.0,259.9,Churned,0
C16945,22.0,271.65,Retained,1
C16947,5.0,191.04,Churned,0
C16948,6.0,112.38,Retained,1
C16949,4.0,223.44,Retained,1
C16951,1.0,1053.79,Retained,1
C16954,14.0,352.73,Retained,1
C16955,6.0,186.72,Churned,0
C16957,2.0,208.32,Churned,0
C16960,6.0,289.65,Retained,1
C16963,1.0,110.55,Churned,0
C16965,1.0,201.19,Churned,0
C16966,3.0,384.8,Retained,1
C16967,1.0,319.02,Churned,0
C16969,1.0,397.36,Retained,1
C16976,1.0,251.52,Churned,0
C16979,4.0,338.72,Retained,1
C16980,3.0,491.11,Churned,0
C16983,7.0,319.69,Retained,1
C16985,19.0,440.76,Retained,1
C16987,5.0,224.78,Retained,1
C16990,2.0,172.0,Churned,0
C16992,10.0,453.33,Retained,1
C16996,7.0,195.36,Retained,1
C16997,3.0,234.0,Churned,0
C16998,4.0,98.52,Retained,1
C17001,13.0,342.55,Retained,1
C17002,6.0,345.22,Retained,1
C17007,5.0,138.58,Retained,1
C17015,1.0,524.5,Retained,1
C17017,20.0,418.83,Retained,1
C17018,5.0,354.52,Retained,1
C17019,10.0,337.67,Retained,1
C17026,3.0,58.61,Churned,0
C17027,6.0,146.78,Retained,1
C17029,6.0,296.55,Retained,1
C17033,3.0,303.58,Retained,1
C17034,3.0,226.73,Retained,1
C17035,4.0,153.4,Churned,0
C17041,4.0,227.3,Retained,1
C17042,2.0,247.7,Retained,1
C17043,5.0,211.19,Retained,1
C17045,3.0,176.06,Retained,1
C17047,5.0,387.55,Retained,1
C17048,6.0,317.79,Retained,1
C17049,13.0,451.48,Retained,1
C17050,10.0,412.35,Retained,1
C17051,4.0,178.6,Churned,0
C17054,3.0,306.27,Retained,1
C17058,2.0,409.83,Retained,1
C17059,7.0,470.83,Retained,1
C17060,1.0,234.24,Churned,0
C17061,7.0,464.32,Retained,1
C17062,6.0,152.3,Churned,0
C17063,8.0,312.1,Retained,1
C17064,1.0,147.85,Retained,1
C17068,37.0,191.67,Retained,1
C17069,9.0,431.18,Retained,1
C17071,8.0,302.02,Retained,1
C17075,9.0,233.74,Retained,1
C17076,5.0,147.17,Retained,1
C17080,6.0,124.37,Retained,1
C17082,5.0,673.02,Retained,1
C17083,8.0,455.0,Retained,1
C17085,27.0,279.39,Retained,1
C17088,1.0,1015.83,Retained,1
C17090,9.0,194.95,Retained,1
C17091,15.0,378.95,Retained,1
C17092,8.0,494.01,Retained,1
C17094,2.0,201.1,Churned,0
C17095,6.0,298.68,Retained,1
C17096,8.0,358.82,Retained,1
C17097,3.0,166.32,Retained,1
C17102,1.0,25.5,Churned,0
C17105,1.0,319.4,Retained,1
C17107,6.0,1563.13,Retained,1
C17109,4.0,218.75,Retained,1
C17114,4.0,111.52,Retained,1
C17115,5.0,446.8,Retained,1
C17117,1.0,116.2,Churned,0
C17118,1.0,157.02,Churned,0
C17120,1.0,307.46,Churned,0
C17124,1.0,298.89,Churned,0
C17126,6.0,263.49,Retained,1
C17128,1.0,157.09,Churned,0
C17133,8.0,1526.11,Retained,1
C17134,2.0,271.3,Retained,1
C17135,5.0,219.88,Retained,1
C17138,7.0,631.04,Churned,0
C17139,17.0,801.29,Retained,1
C17140,1.0,465.32,Churned,0
C17142,4.0,320.94,Churned,0
C17146,12.0,472.86,Retained,1
C17147,7.0,351.21,Retained,1
C17152,4.0,504.12,Churned,0
C17158,4.0,352.9,Retained,1
C17160,13.0,607.4,Retained,1
C17162,8.0,145.66,Retained,1
C17164,2.0,471.61,Retained,1
C17165,6.0,299.05,Churned,0
C17166,1.0,127.59,Retained,1
C17169,2.0,314.82,Retained,1
C17171,2.0,192.3,Churned,0
C17174,1.0,59.9,Churned,0
C17175,1.0,519.08,Retained,1
C17176,3.0,300.77,Churned,0
C17179,5.0,256.76,Retained,1
C17180,10.0,202.58,Retained,1
C17187,2.0,233.86,Churned,0
C17188,9.0,393.68,Retained,1
C17189,4.0,200.11,Retained,1
C17190,6.0,248.88,Retained,1
C17191,13.0,262.04,Retained,1
C17194,3.0,270.83,Churned,0
C17204,7.0,741.47,Retained,1
C17211,10.0,271.01,Retained,1
C17212,3.0,264.8,Churned,0
C17213,9.0,336.12,Retained,1
C17214,4.0,153.42,Retained,1
C17217,2.0,109.0,Churned,0
C17218,13.0,222.15,Retained,1
C17220,12.0,229.02,Retained,1
C17223,3.0,193.56,Churned,0
C17226,3.0,300.04,Churned,0
C17227,8.0,163.33,Retained,1
C17228,9.0,178.09,Retained,1
C17230,18.0,551.39,Churned,0
C17231,21.0,274.1,Retained,1
C17236,10.0,157.7,Retained,1
C17238,24.0,217.36,Retained,1
C17239,4.0,297.36,Churned,0
C17243,54.0,274.45,Retained,1
C17245,2.0,185.82,Churned,0
C17250,1.0,162.65,Retained,1
C17251,3.0,270.81,Churned,0
C17252,1.0,341.96,Retained,1
C17255,3.0,204.39,Retained,1
C17256,4.0,96.71,Retained,1
C17262,10.0,219.08,Retained,1
C17263,1.0,63.44,Churned,0
C17268,9.0,138.53,Retained,1
C17272,2.0,704.72,Retained,1
C17277,2.0,532.67,Churned,0
C17278,2.0,135.62,Churned,0
C17282,3.0,459.37,Retained,1
C17284,4.0,517.26,Retained,1
C17287,18.0,184.75,Retained,1
C17288,9.0,193.77,Retained,1
C17291,1.0,550.8,Churned,0
C17293,10.0,236.85,Retained,1
C17302,2.0,151.56,Retained,1
C17303,1.0,250.04,Churned,0
C17306,10.0,434.67,Retained,1
C17311,5.0,547.63,Retained,1
C17314,12.0,263.63,Retained,1
C17315,25.0,250.43,Retained,1
C17320,5.0,430.87,Retained,1
C17323,7.0,134.56,Retained,1
C17324,10.0,188.68,Retained,1
C17325,3.0,203.19,Churned,0
C17329,4.0,181.17,Retained,1
C17334,3.0,211.72,Churned,0
C17337,3.0,664.97,Retained,1
C17338,14.0,652.99,Retained,1
C17340,11.0,1198.46,Retained,1
C17343,6.0,209.99,Churned,0
C17345,8.0,149.41,Retained,1
C17346,17.0,203.8,Retained,1
C17348,5.0,295.41,Retained,1
C17351,10.0,159.97,Retained,1
C17356,5.0,189.29,Churned,0
C17358,5.0,173.21,Churned,0
C17360,4.0,244.14,Retained,1
C17361,4.0,164.09,Retained,1
C17362,7.0,146.29,Churned,0
C17364,22.0,440.5,Retained,1
C17365,11.0,483.69,Retained,1
C17367,1.0,168.4,Churned,0
C17368,9.0,200.27,Retained,1
C17371,4.0,84.07,Retained,1
C17372,25.0,156.36,Retained,1
C17373,4.0,166.46,Retained,1
C17374,3.0,242.37,Churned,0
C17375,4.0,165.14,Churned,0
C17376,3.0,118.76,Retained,1
C17377,54.53,234.27,Retained,1
C17381,25.0,1197.65,Retained,1
C17384,2.0,199.4,Retained,1
C17388,9.0,243.91,Retained,1
C17389,41.0,744.35,Retained,1
C17392,3.0,208.85,Churned,0
C17394,1.0,203.87,Churned,0
C17398,2.0,264.23,Retained,1
C17400,7.0,551.37,Retained,1
C17402,15.0,200.87,Retained,1
C17404,14.0,1743.59,Retained,1
C17406,13.0,323.3,Churned,0
C17409,10.0,779.35,Churned,0
C17410,1.0,302.4,Retained,1
C17411,3.0,310.67,Retained,1
C17412,13.0,282.46,Retained,1
C17414,5.0,413.9,Retained,1
C17416,18.0,769.61,Retained,1
C17418,2.0,187.0,Retained,1
C17419,13.0,303.5,Retained,1
C17422,7.0,320.49,Retained,1
C17423,2.0,434.98,Retained,1
C17426,8.0,529.3,Retained,1
C17428,30.0,716.62,Retained,1
C17429,4.0,302.17,Retained,1
C17431,1.0,403.3,Churned,0
C17436,4.0,110.04,Retained,1
C17438,5.0,284.55,Churned,0
C17440,3.0,87.26,Retained,1
C17442,11.0,289.69,Retained,1
C17443,1.0,534.24,Churned,0
C17446,1.0,68.1,Retained,1
C17449,9.0,417.0,Retained,1
C17450,19.0,1743.59,Retained,1
C17454,10.0,154.79,Churned,0
C17455,1.0,131.7,Churned,0
C17457,13.0,434.21,Retained,1
C17460,15.0,133.21,Churned,0
C17462,1.0,463.41,Retained,1
C17463,4.0,401.32,Retained,1
C17469,13.0,268.13,Retained,1
C17470,9.0,236.06,Retained,1
C17472,4.0,233.78,Churned,0
C17483,2.0,166.4,Retained,1
C17486,1.0,396.87,Churned,0
C17489,1.0,208.56,Retained,1
C17491,11.0,310.88,Retained,1
C17492,3.0,374.14,Churned,0
C17496,4.0,353.22,Churned,0
C17499,2.0,670.7,Churned,0
C17501,2.0,144.3,Churned,0
C17504,18.0,531.4,Churned,0
C17505,4.0,444.16,Retained,1
C17507,2.0,302.79,Churned,0
C17508,8.0,572.4,Churned,0
C17511,44.0,1743.59,Retained,1
C17512,14.0,274.66,Retained,1
C17515,8.0,193.73,Retained,1
C17516,4.0,161.17,Retained,1
C17517,1.0,153.94,Churned,0
C17519,12.0,323.81,Retained,1
C17521,3.0,238.14,Retained,1
C17522,3.0,262.51,Retained,1
C17524,3.0,179.71,Churned,0
C17525,3.0,387.3,Churned,0
C17526,11.0,328.74,Retained,1
C17527,1.0,292.11,Retained,1
C17530,8.0,227.97,Retained,1
C17531,3.0,422.27,Churned,0
C17535,1.0,164.4,Churned,0
C17537,1.0,630.7,Retained,1
C17540,5.0,256.1,Retained,1
C17542,3.0,113.9,Churned,0
C17548,4.0,182.82,Churned,0
C17550,9.0,283.07,Churned,0
C17551,1.0,306.84,Churned,0
C17555,4.0,192.48,Retained,1
C17556,2.0,150.33,Churned,0
C17560,6.0,254.48,Retained,1
C17567,5.0,476.11,Retained,1
C17569,1.0,344.14,Churned,0
C17571,3.0,188.4,Retained,1
C17572,8.0,72.21,Retained,1
C17574,1.0,185.65,Churned,0
C17576,32.0,220.29,Retained,1
C17578,7.0,149.62,Churned,0
C17580,5.0,109.05,Churned,0
C17581,28.0,369.48,Retained,1
C17582,5.0,290.14,Churned,0
C17585,5.0,296.35,Retained,1
C17588,5.0,419.31,Retained,1
C17589,16.0,803.57,Retained,1
C17591,6.0,298.94,Retained,1
C17593,7.0,690.19,Retained,1
C17594,3.0,606.57,Retained,1
C17596,9.0,332.11,Retained,1
C17597,5.0,696.82,Churned,0
C17601,2.0,210.74,Churned,0
C17602,9.0,346.13,Retained,1
C17604,6.0,157.66,Churned,0
C17609,8.0,164.98,Retained,1
C17611,19.0,337.35,Retained,1
C17612,14.0,286.58,Retained,1
C17613,7.0,361.0,Retained,1
C17615,5.0,135.18,Retained,1
C17616,3.0,190.4,Retained,1
C17618,10.0,376.84,Retained,1
C17619,1.0,218.52,Churned,0
C17621,5.0,539.4,Retained,1
C17624,3.0,375.15,Retained,1
C17625,5.0,914.1,Retained,1
C17629,5.0,249.52,Retained,1
C17630,1.0,335.5,Retained,1
C17631,5.0,154.54,Retained,1
C17634,5.0,362.93,Retained,1
C17639,6.0,102.53,Churned,0
C17644,12.0,337.89,Retained,1
C17646,12.0,324.9,Churned,0
C17648,4.0,381.56,Retained,1
C17652,4.0,407.35,Retained,1
C17654,1.0,117.55,Churned,0
C17655,6.0,323.36,Retained,1
C17658,1.0,317.6,Retained,1
C17659,7.0,245.08,Retained,1
C17663,13.0,320.29,Retained,1
C17664,3.0,295.93,Retained,1
C17667,7.0,464.55,Retained,1
C17669,6.0,724.44,Retained,1
C17670,1.0,205.7,Churned,0
C17671,3.0,407.73,Retained,1
C17672,6.0,629.72,Retained,1
C17673,10.0,367.17,Retained,1
C17675,52.0,481.03,Retained,1
C17677,35.0,713.6,Retained,1
C17678,2.0,299.88,Churned,0
C17682,8.0,337.3,Retained,1
C17685,10.0,381.18,Retained,1
C17686,6.0,932.35,Retained,1
C17690,15.0,353.73,Retained,1
C17691,4.0,159.39,Churned,0
C17692,11.0,259.85,Retained,1
C17696,23.0,270.93,Retained,1
C17697,1.0,338.95,Churned,0
C17698,1.0,154.95,Churned,0
C17700,12.0,439.24,Retained,1
C17701,1.0,417.95,Churned,0
C17702,3.0,586.49,Retained,1
C17704,1.0,387.29,Retained,1
C17705,5.0,123.54,Retained,1
C17706,19.0,576.79,Retained,1
C17707,8.0,76.16,Churned,0
C17708,4.0,221.98,Churned,0
C17711,1.0,220.53,Retained,1
C17714,5.0,282.04,Churned,0
C17715,2.0,244.8,Churned,0
C17716,15.0,783.51,Retained,1
C17718,2.0,219.59,Churned,0
C17719,5.0,394.29,Retained,1
C17720,8.0,250.42,Retained,1
C17722,4.0,799.26,Retained,1
C17723,4.0,315.95,Retained,1
C17725,4.0,317.41,Retained,1
C17730,12.0,375.56,Retained,1
C17731,4.0,282.86,Retained,1
C17733,1.0,216.95,Retained,1
C17734,4.0,213.67,Retained,1
C17735,17.0,576.56,Retained,1
C17738,10.0,308.44,Retained,1
C17739,14.0,429.29,Retained,1
C17742,10.0,204.59,Retained,1
C17744,5.0,323.14,Retained,1
C17746,4.0,226.04,Churned,0
C17749,2.0,360.34,Retained,1
C17752,1.0,80.64,Churned,0
C17754,9.0,341.06,Retained,1
C17757,41.0,145.52,Retained,1
C17758,7.0,372.95,Retained,1
C17763,4.0,21.54,Churned,0
C17764,4.0,266.7,Retained,1
C17765,3.0,140.49,Retained,1
C17769,9.0,443.32,Retained,1
C17770,5.0,228.65,Churned,0
C17771,3.0,85.8,Retained,1
C17774,7.0,385.38,Retained,1
C17775,1.0,56.4,Churned,0
C17781,1.0,102.0,Retained,1
C17783,2.0,104.42,Retained,1
C17786,1.0,114.85,Retained,1
C17787,3.0,572.06,Retained,1
C17789,2.0,198.58,Churned,0
C17790,15.0,114.34,Retained,1
C17795,1.0,163.25,Retained,1
C17796,6.0,195.24,Retained,1
C17799,16.0,292.14,Retained,1
C17800,3.0,118.28,Retained,1
C17809,14.0,523.19,Retained,1
C17811,26.0,224.52,Retained,1
C17816,4.0,20.22,Retained,1
C17817,5.0,137.97,Retained,1
C17819,10.0,518.52,Retained,1
C17827,5.0,395.28,Retained,1
C17828,1.0,833.16,Retained,1
C17829,5.0,951.35,Churned,0
C17830,2.0,143.82,Retained,1
C17838,11.0,426.89,Retained,1
C17841,54.53,300.86,Retained,1
C17843,2.0,163.12,Churned,0
C17848,25.0,125.52,Retained,1
C17849,8.0,132.97,Churned,0
C17854,6.0,178.58,Churned,0
C17856,3.0,380.88,Retained,1
C17857,10.0,925.18,Retained,1
C17858,24.0,417.11,Retained,1
C17859,1.0,148.21,Churned,0
C17861,12.0,290.41,Retained,1
C17862,4.0,319.77,Churned,0
C17863,9.0,396.93,Retained,1
C17864,3.0,178.41,Retained,1
C17865,33.0,606.36,Retained,1
C17867,11.0,93.48,Retained,1
C17869,5.0,140.92,Retained,1
C17871,5.0,223.8,Churned,0
C17873,17.0,354.63,Retained,1
C17874,6.0,113.91,Churned,0
C17880,3.0,274.97,Churned,0
C17881,1.0,133.35,Churned,0
C17883,4.0,110.86,Retained,1
C17884,19.0,138.61,Retained,1
C17886,5.0,221.01,Retained,1
C17888,20.0,63.66,Retained,1
C17889,7.0,110.7,Churned,0
C17890,2.0,301.04,Churned,0
C17893,1.0,112.25,Churned,0
C17894,16.0,130.92,Retained,1
C17898,3.0,82.32,Retained,1
C17900,2.0,56.1,Churned,0
C17905,11.0,161.43,Retained,1
C17906,1.0,72.9,Churned,0
C17912,6.0,62.58,Churned,0
C17913,13.0,252.78,Retained,1
C17917,2.0,115.23,Retained,1
C17920,42.0,503.57,Retained,1
C17921,7.0,268.22,Retained,1
C17923,3.0,165.67,Churned,0
C17924,3.0,265.8,Retained,1
C17926,4.0,212.48,Retained,1
C17928,2.0,103.48,Retained,1
C17929,10.0,267.41,Retained,1
C17930,9.0,325.04,Retained,1
C17931,13.0,255.86,Retained,1
C17932,1.0,589.01,Retained,1
C17937,4.0,831.87,Retained,1
C17940,11.0,1743.59,Retained,1
C17946,2.0,74.79,Churned,0
C17949,54.53,789.04,Retained,1
C17951,3.0,247.18,Retained,1
C17954,15.0,201.52,Retained,1
C17955,6.0,158.32,Churned,0
C17956,1.0,12.75,Churned,0
C17961,54.53,30.15,Retained,1
C17965,21.0,275.79,Retained,1
C17966,7.0,165.64,Retained,1
C17969,19.0,119.31,Retained,1
C17970,1.0,582.59,Churned,0
C17972,1.0,136.04,Churned,0
C17974,4.0,322.51,Retained,1
C17975,18.0,278.17,Retained,1
C17979,2.0,120.84,Retained,1
C17980,3.0,261.57,Retained,1
C17987,5.0,200.73,Churned,0
C17988,8.0,44.18,Retained,1
C17990,6.0,254.6,Churned,0
C17991,3.0,106.85,Churned,0
C17994,10.0,219.26,Retained,1
C17995,3.0,165.16,Churned,0
C18004,1.0,169.47,Churned,0
C18008,21.0,939.83,Retained,1
C18009,8.0,269.48,Churned,0
C18010,1.0,174.8,Churned,0
C18016,5.0,193.13,Retained,1
C18017,2.0,165.0,Retained,1
C18018,3.0,71.1,Retained,1
C18032,1.0,73.5,Churned,0
C18036,9.0,140.98,Retained,1
C18037,14.0,11.3,Retained,1
C18040,1.0,239.0,Retained,1
C18041,31.0,215.18,Retained,1
C18043,2.0,225.9,Retained,1
C18044,14.0,164.3,Retained,1
C18048,3.0,133.91,Churned,0
C18050,2.0,206.03,Churned,0
C18055,10.0,677.34,Retained,1
C18056,2.0,277.3,Churned,0
C18061,23.0,224.13,Retained,1
C18062,5.0,279.61,Retained,1
C18064,10.0,408.9,Retained,1
C18065,23.0,212.43,Retained,1
C18068,1.0,101.7,Churned,0
C18069,8.0,399.18,Retained,1
C18071,6.0,194.95,Churned,0
C18072,1.0,247.44,Churned,0
C18073,3.0,168.08,Retained,1
C18075,16.0,277.64,Retained,1
C18077,11.0,216.37,Retained,1
C18078,4.0,211.15,Churned,0
C18079,2.0,1101.8,Retained,1
C18080,1.0,841.5,Retained,1
C18085,4.0,335.46,Churned,0
C18086,1.0,101.34,Churned,0
C18087,16.0,869.3,Retained,1
C18092,14.0,735.39,Retained,1
C18093,6.0,577.28,Retained,1
C18094,9.0,572.38,Retained,1
C18095,5.0,460.62,Churned,0
C18097,8.0,427.76,Retained,1
C18102,54.53,1743.59,Retained,1
C18106,6.0,243.58,Churned,0
C18108,3.0,282.94,Churned,0
C18109,23.0,176.0,Retained,1
C18114,1.0,220.1,Churned,0
C18116,12.0,165.9,Retained,1
C18118,18.0,229.06,Retained,1
C18120,1.0,111.15,Churned,0
C18125,3.0,315.05,Retained,1
C18129,1.0,112.55,Churned,0
C18133,1.0,931.5,Churned,0
C18135,6.0,112.92,Retained,1
C18136,4.0,361.97,Retained,1
C18138,1.0,152.65,Churned,0
C18142,1.0,282.48,Retained,1
C18144,14.0,257.85,Retained,1
C18145,9.0,420.0,Retained,1
C18146,1.0,76.65,Retained,1
C18149,6.0,260.38,Retained,1
C18150,1.0,227.58,Retained,1
C18151,5.0,307.73,Retained,1
C18155,1.0,113.93,Retained,1
C18159,1.0,530.15,Churned,0
C18160,2.0,342.18,Retained,1
C18161,3.0,243.58,Retained,1
C18168,15.0,226.12,Retained,1
C18170,7.0,314.56,Retained,1
C18171,6.0,278.43,Retained,1
C18172,39.0,349.7,Retained,1
C18173,4.0,579.59,Retained,1
C18176,1.0,476.35,Churned,0
C18177,7.0,227.01,Retained,1
C18178,10.0,561.29,Retained,1
C18179,6.0,309.59,Retained,1
C18183,2.0,316.04,Churned,0
C18185,1.0,304.25,Churned,0
C18188,4.0,426.54,Retained,1
C18189,2.0,473.3,Retained,1
C18190,5.0,149.12,Churned,0
C18191,2.0,264.7,Churned,0
C18196,3.0,408.65,Retained,1
C18198,11.0,318.25,Retained,1
C18202,3.0,465.66,Churned,0
C18204,1.0,549.43,Retained,1
C18210,2.0,144.93,Retained,1
C18211,1.0,137.9,Retained,1
C18212,2.0,273.36,Churned,0
C18213,1.0,232.48,Churned,0
C18218,4.0,285.5,Churned,0
C18219,12.0,182.94,Retained,1
C18220,6.0,320.29,Churned,0
C18221,3.0,306.78,Retained,1
C18223,19.0,540.73,Retained,1
C18224,1.0,158.95,Churned,0
C18225,19.0,483.33,Retained,1
C18226,21.0,440.53,Retained,1
C18227,2.0,194.38,Churned,0
C18229,17.0,357.85,Retained,1
C18230,5.0,547.03,Retained,1
C18231,28.0,245.75,Churned,0
C18232,2.0,185.49,Retained,1
C18233,1.0,440.0,Churned,0
C18235,1.0,430.46,Retained,1
C18236,8.0,152.2,Retained,1
C18239,6.0,285.38,Churned,0
C18241,5.0,255.95,Retained,1
C18242,6.0,344.47,Retained,1
C18245,17.0,297.89,Retained,1
C18246,2.0,197.81,Retained,1
C18248,1.0,496.46,Retained,1
C18250,1.0,349.27,Churned,0
C18257,7.0,426.25,Retained,1
C18260,22.0,433.41,Retained,1
C18263,1.0,307.6,Retained,1
C18270,2.0,136.68,Retained,1
C18272,5.0,457.59,Retained,1
C18273,2.0,102.0,Retained,1
C18280,2.0,244.08,Churned,0
C18283,11.0,106.98,Retained,1
C18287,5.0,622.2,Retained,1
