sales_month,country,gross_revenue,returned_revenue,net_revenue,num_orders,num_customers,items_sold
2009-12-01,Australia,271.1,220.85,50.25,2,2,160
2009-12-01,Austria,1998.34,0.0,1998.34,2,2,564
2009-12-01,Belgium,447.6,0.0,447.6,3,2,153
2009-12-01,Channel Islands,989.18,43.8,945.38,1,1,439
2009-12-01,Cyprus,3556.98,131.9,3425.08,4,3,1578
2009-12-01,Denmark,1437.66,53.2,1384.46,2,2,574
2009-12-01,EIRE,20099.74,971.8,19127.94,20,2,9414
2009-12-01,Finland,549.08,0.0,549.08,1,1,134
2009-12-01,France,6521.69,966.65,5555.04,13,10,3688
2009-12-01,Germany,10096.85,314.23,9782.62,18,10,4828
2009-12-01,Greece,610.95,0.0,610.95,1,1,441
2009-12-01,Italy,422.35,24.15,398.2,1,1,157
2009-12-01,Japan,0.0,208.75,-208.75,0,0,0
2009-12-01,Netherlands,15204.73,0.0,15204.73,6,2,10822
2009-12-01,Nigeria,0.0,147.05,-147.05,0,0,0
2009-12-01,Norway,485.31,0.0,485.31,1,1,182
2009-12-01,Poland,371.82,0.0,371.82,1,1,266
2009-12-01,Portugal,2821.58,0.0,2821.58,2,2,1575
2009-12-01,Spain,7950.18,31.35,7918.83,5,4,3279
2009-12-01,Sweden,285.3,25.5,259.8,1,1,174
2009-12-01,Switzerland,589.4,0.0,589.4,1,1,220
2009-12-01,United Arab Emirates,517.7,38.16,479.54,1,1,520
2009-12-01,United Kingdom,750317.22,22661.26,727655.96,1595,904,387812
2009-12-01,USA,141.0,0.0,141.0,1,1,1
2010-01-01,Belgium,1634.02,9.95,1624.07,4,3,717
2010-01-01,Channel Islands,838.75,15.9,822.85,1,1,193
2010-01-01,Cyprus,76.52,0.0,76.52,1,1,32
2010-01-01,Denmark,7870.6,0.0,7870.6,2,2,63754
2010-01-01,EIRE,65258.43,5495.13,59763.3,32,5,30809
2010-01-01,Finland,801.42,142.65,658.77,2,2,263
2010-01-01,France,8465.63,116.62,8349.01,12,9,5313
2010-01-01,Germany,12562.11,660.9,11901.21,21,13,6321
2010-01-01,Greece,4798.35,0.0,4798.35,3,2,1573
2010-01-01,Italy,39.67,0.0,39.67,1,1,1
2010-01-01,Japan,2.95,0.0,2.95,1,1,1
2010-01-01,Netherlands,29230.77,18.38,29212.39,6,3,20531
2010-01-01,Nigeria,27.82,0.0,27.82,1,1,1
2010-01-01,Portugal,117.72,13.13,104.59,1,1,1
2010-01-01,Spain,4181.24,1437.24,2744.0,9,6,1194
2010-01-01,Sweden,1680.15,40.0,1640.15,3,2,1537
2010-01-01,United Kingdom,511797.662,20688.96,491108.702,998,663,257558
2010-01-01,Unspecified,1035.1,36.75,998.35,2,2,382
2010-01-01,USA,2289.59,0.0,2289.59,5,2,1344
2010-02-01,Australia,1029.66,0.0,1029.66,3,3,624
2010-02-01,Austria,1118.86,0.0,1118.86,3,3,480
2010-02-01,Bahrain,439.85,0.0,439.85,1,0,159
2010-02-01,Belgium,3209.0,1508.65,1700.35,3,2,704
2010-02-01,Cyprus,750.49,0.0,750.49,2,1,294
2010-02-01,Denmark,19809.9,3630.8,16179.1,2,1,93230
2010-02-01,EIRE,21538.8,1029.55,20509.25,18,3,11631
2010-02-01,France,9024.16,43.15,8981.01,17,12,4996
2010-02-01,Germany,9124.25,253.0,8871.25,27,18,4789
2010-02-01,Japan,193.72,37.01,156.71,2,2,117
2010-02-01,Malta,1636.38,818.19,818.19,2,1,606
2010-02-01,Netherlands,17255.39,1308.08,15947.31,8,2,9883
2010-02-01,Portugal,458.83,0.0,458.83,3,2,245
2010-02-01,RSA,931.43,0.0,931.43,1,1,591
2010-02-01,Spain,554.04,89.0,465.04,4,3,279
2010-02-01,Sweden,8202.58,0.0,8202.58,7,3,8497
2010-02-01,Switzerland,477.68,0.0,477.68,1,1,306
2010-02-01,United Arab Emirates,2822.0,1018.0,1804.0,4,1,1723
2010-02-01,United Kingdom,454762.716,11260.02,443502.696,1093,713,243627
2010-03-01,Australia,429.39,0.0,429.39,2,2,191
2010-03-01,Austria,925.13,0.0,925.13,5,4,401
2010-03-01,Bahrain,548.8,42.5,506.3,2,0,98
2010-03-01,Belgium,904.02,0.0,904.02,3,3,487
2010-03-01,Bermuda,1253.14,0.0,1253.14,1,0,2798
2010-03-01,Channel Islands,1065.12,934.66,130.46,1,1,996
2010-03-01,Cyprus,2879.19,25.6,2853.59,5,4,1055
2010-03-01,Denmark,7595.18,0.0,7595.18,2,2,64302
2010-03-01,EIRE,22989.46,1123.68,21865.78,27,3,14797
2010-03-01,France,8657.59,226.37,8431.22,16,12,4553
2010-03-01,Germany,16698.08,339.25,16358.83,28,19,8883
2010-03-01,Greece,522.73,32.45,490.28,1,1,259
2010-03-01,Italy,734.22,0.0,734.22,2,2,499
2010-03-01,Japan,110.4,110.4,0.0,1,1,48
2010-03-01,Netherlands,24447.98,488.36,23959.62,15,4,16662
2010-03-01,Norway,13916.34,19712.21,-5795.87,2,1,2
2010-03-01,Poland,318.86,0.0,318.86,1,1,194
2010-03-01,Portugal,2519.05,38.25,2480.8,2,2,1349
2010-03-01,Spain,1680.52,16.7,1663.82,6,4,1043
2010-03-01,Sweden,1691.58,57.4,1634.18,6,4,698
2010-03-01,Switzerland,951.62,0.0,951.62,3,2,454
2010-03-01,United Arab Emirates,1201.52,0.0,1201.52,1,1,1359
2010-03-01,United Kingdom,721530.211,44573.54,676956.671,1549,984,406273
2010-04-01,Australia,630.95,0.0,630.95,2,2,560
2010-04-01,Austria,1388.54,0.0,1388.54,1,1,798
2010-04-01,Belgium,2570.39,21.25,2549.14,4,4,1445
2010-04-01,Channel Islands,926.82,0.0,926.82,1,1,367
2010-04-01,Cyprus,1151.7,15.8,1135.9,2,1,459
2010-04-01,Denmark,748.0,0.0,748.0,1,1,576
2010-04-01,EIRE,23929.48,610.63,23318.85,19,3,13793
2010-04-01,Finland,1255.13,0.0,1255.13,3,2,649
2010-04-01,France,7642.98,40.07,7602.91,11,8,4156
2010-04-01,Germany,23683.231,182.74,23500.491,31,22,12557
2010-04-01,Greece,277.93,0.0,277.93,1,1,94
2010-04-01,Hong Kong,2236.61,0.0,2236.61,1,0,1367
2010-04-01,Italy,1525.85,660.86,864.99,2,2,890
2010-04-01,Japan,0.0,2.75,-2.75,0,0,0
2010-04-01,Netherlands,6888.78,0.0,6888.78,10,8,4944
2010-04-01,Portugal,85.54,124.24,-38.7,1,1,46
2010-04-01,Singapore,1252.95,0.0,1252.95,1,1,509
2010-04-01,Spain,833.98,58.5,775.48,2,2,490
2010-04-01,Sweden,17698.12,1722.68,15975.44,16,3,18648
2010-04-01,Switzerland,1939.76,37.0,1902.76,2,2,1201
2010-04-01,United Arab Emirates,0.0,16.5,-16.5,0,0,0
2010-04-01,United Kingdom,584609.731,33861.18,550748.551,1350,876,304496
2010-04-01,Unspecified,252.52,0.0,252.52,1,1,153
2010-05-01,Australia,2371.15,1058.45,1312.7,6,4,667
2010-05-01,Austria,622.04,40.0,582.04,1,1,655
2010-05-01,Bahrain,585.96,0.0,585.96,2,1,352
2010-05-01,Belgium,98.15,13.2,84.95,1,1,38
2010-05-01,Channel Islands,5378.52,55.84,5322.68,6,4,2403
2010-05-01,Cyprus,515.61,0.0,515.61,1,1,144
2010-05-01,EIRE,19121.93,362.96,18758.97,19,2,9754
2010-05-01,Finland,837.11,19.8,817.31,1,1,370
2010-05-01,France,13958.15,511.65,13446.5,16,14,8941
2010-05-01,Germany,9108.36,405.45,8702.91,17,14,4246
2010-05-01,Greece,2476.22,0.0,2476.22,2,2,806
2010-05-01,Hong Kong,2396.61,2396.61,0.0,1,0,1
2010-05-01,Italy,2374.7,23.7,2351.0,4,3,1043
2010-05-01,Netherlands,22416.53,0.0,22416.53,8,6,14910
2010-05-01,Portugal,757.2,124.25,632.95,2,2,216
2010-05-01,Spain,2854.58,0.0,2854.58,5,3,1498
2010-05-01,Sweden,3556.76,0.0,3556.76,10,1,6084
2010-05-01,Switzerland,9825.16,15.0,9810.16,6,5,5947
2010-05-01,United Kingdom,560187.81,39509.12,520678.69,1390,901,338718
2010-05-01,USA,416.31,0.0,416.31,2,1,413
2010-06-01,Australia,3214.78,25.5,3189.28,3,3,2280
2010-06-01,Austria,268.1,0.0,268.1,1,1,281
2010-06-01,Bahrain,463.28,0.0,463.28,1,0,224
2010-06-01,Belgium,3800.34,264.95,3535.39,6,4,1588
2010-06-01,Channel Islands,845.0,95.85,749.15,1,1,500
2010-06-01,Cyprus,489.8,0.0,489.8,1,1,100
2010-06-01,Denmark,2695.51,5.9,2689.61,4,3,1887
2010-06-01,EIRE,22934.34,371.58,22562.76,24,2,12306
2010-06-01,Finland,534.14,0.0,534.14,1,1,242
2010-06-01,France,9172.54,120.0,9052.54,23,18,5709
2010-06-01,Germany,15678.63,432.44,15246.19,27,16,9326
2010-06-01,Greece,302.4,0.0,302.4,1,1,120
2010-06-01,Hong Kong,1685.65,0.0,1685.65,1,0,939
2010-06-01,Italy,267.45,0.0,267.45,2,2,134
2010-06-01,Japan,594.68,60.5,534.18,2,2,428
2010-06-01,Netherlands,24224.51,122.5,24102.01,8,4,15761
2010-06-01,Poland,556.16,0.0,556.16,1,1,282
2010-06-01,Portugal,3668.46,22.25,3646.21,4,4,1632
2010-06-01,Spain,2332.2,0.0,2332.2,2,2,884
2010-06-01,Sweden,914.3,0.0,914.3,2,2,467
2010-06-01,Switzerland,2362.47,211.2,2151.27,2,2,1882
2010-06-01,Thailand,1956.84,0.0,1956.84,1,1,2028
2010-06-01,United Kingdom,652412.49,70750.86,581661.63,1523,968,349085
2010-06-01,USA,896.07,0.0,896.07,4,2,551
2010-07-01,Australia,686.12,52.5,633.62,3,2,224
2010-07-01,Belgium,1914.23,0.0,1914.23,7,6,1393
2010-07-01,Channel Islands,0.0,33.0,-33.0,0,0,0
2010-07-01,Denmark,591.66,0.0,591.66,1,1,164
2010-07-01,EIRE,35722.32,1826.8,33895.52,28,3,15415
2010-07-01,Finland,956.23,0.0,956.23,2,2,362
2010-07-01,France,11546.64,32.4,11514.24,18,14,4138
2010-07-01,Germany,20274.29,1689.14,18585.15,26,21,13100
2010-07-01,Israel,1950.98,0.0,1950.98,1,1,762
2010-07-01,Japan,1253.3,635.8,617.5,3,1,726
2010-07-01,Lithuania,1706.23,0.0,1706.23,1,1,971
2010-07-01,Netherlands,5534.29,0.0,5534.29,10,8,3410
2010-07-01,Poland,374.75,33.75,341.0,1,1,143
2010-07-01,Portugal,288.1,0.0,288.1,1,1,72
2010-07-01,Spain,1134.81,5.0,1129.81,3,3,806
2010-07-01,Sweden,2590.78,100.8,2489.98,2,2,2513
2010-07-01,Switzerland,743.99,177.23,566.76,5,3,507
2010-07-01,Thailand,1113.7,0.0,1113.7,1,1,524
2010-07-01,United Kingdom,559442.54,25644.58,533797.96,1413,856,292280
2010-07-01,Unspecified,2379.88,1189.94,1189.94,2,1,1276
2010-07-01,USA,508.1,23.85,484.25,1,1,134
2010-08-01,Australia,176.0,0.0,176.0,1,1,88
2010-08-01,Austria,1043.15,0.0,1043.15,1,1,689
2010-08-01,Belgium,1713.62,0.0,1713.62,3,3,954
2010-08-01,Channel Islands,1363.14,0.0,1363.14,2,2,662
2010-08-01,Denmark,2643.03,10.0,2633.03,3,3,1520
2010-08-01,EIRE,26005.71,286.51,25719.2,27,3,15808
2010-08-01,France,16570.32,421.4,16148.92,10,10,89914
2010-08-01,Germany,9943.12,171.05,9772.07,24,16,5264
2010-08-01,Greece,721.71,0.0,721.71,1,1,561
2010-08-01,Hong Kong,1883.65,1883.65,0.0,1,0,1
2010-08-01,Japan,0.0,3.25,-3.25,0,0,0
2010-08-01,Malta,3737.12,1868.56,1868.56,2,1,943
2010-08-01,Netherlands,25028.69,226.2,24802.49,10,5,17667
2010-08-01,Nigeria,112.57,0.0,112.57,1,1,102
2010-08-01,Norway,152.4,152.4,0.0,1,1,508
2010-08-01,Poland,527.44,0.0,527.44,1,1,320
2010-08-01,Portugal,463.22,0.0,463.22,2,2,189
2010-08-01,Spain,1299.99,16.5,1283.49,5,4,675
2010-08-01,Sweden,2702.94,109.95,2592.99,5,2,1827
2010-08-01,Switzerland,2053.05,59.4,1993.65,3,3,1062
2010-08-01,United Arab Emirates,2047.28,0.0,2047.28,1,1,1364
2010-08-01,United Kingdom,596550.35,35289.7,561260.65,1320,849,332907
2010-08-01,West Indies,536.41,0.0,536.41,1,1,395
2010-09-01,Australia,785.83,0.0,785.83,2,2,293
2010-09-01,Austria,1940.17,351.05,1589.12,5,3,1217
2010-09-01,Belgium,1190.91,0.85,1190.06,5,5,651
2010-09-01,Brazil,268.27,0.0,268.27,1,1,189
2010-09-01,Channel Islands,6156.34,885.0,5271.34,9,5,3341
2010-09-01,Cyprus,1020.53,0.0,1020.53,3,3,502
2010-09-01,Denmark,1725.25,0.0,1725.25,3,2,1307
2010-09-01,EIRE,36984.47,8838.42,28146.05,35,2,20120
2010-09-01,Finland,864.68,0.0,864.68,2,2,763
2010-09-01,France,14531.33,13206.49,1324.84,26,16,6960
2010-09-01,Germany,17740.18,365.24,17374.94,32,21,9257
2010-09-01,Greece,780.06,0.0,780.06,1,1,146
2010-09-01,Italy,1380.56,0.0,1380.56,2,2,1074
2010-09-01,Japan,1895.0,0.0,1895.0,1,1,1100
2010-09-01,Korea,168.69,0.0,168.69,1,1,102
2010-09-01,Lebanon,211.7,0.0,211.7,1,0,72
2010-09-01,Netherlands,45037.14,51.0,44986.14,19,8,29199
2010-09-01,Norway,973.69,0.0,973.69,1,1,619
2010-09-01,Poland,349.47,204.1,145.37,2,2,231
2010-09-01,Portugal,2964.58,54.4,2910.18,6,4,1795
2010-09-01,Singapore,2784.82,0.0,2784.82,3,1,1244
2010-09-01,Spain,3770.45,21.25,3749.2,6,6,2325
2010-09-01,Sweden,2899.56,75.19,2824.37,4,3,3526
2010-09-01,Switzerland,2474.44,0.0,2474.44,4,3,1356
2010-09-01,United Arab Emirates,383.24,0.0,383.24,2,0,557
2010-09-01,United Kingdom,773073.501,46545.19,726528.311,1661,1048,496155
2010-09-01,Unspecified,1978.15,10.2,1967.95,2,2,1256
2010-09-01,USA,0.0,74.2,-74.2,0,0,0
2010-10-01,Australia,2989.15,0.0,2989.15,9,8,1881
2010-10-01,Austria,1236.7,0.0,1236.7,4,3,351
2010-10-01,Bahrain,317.76,0.0,317.76,1,1,192
2010-10-01,Belgium,1475.72,0.0,1475.72,5,4,664
2010-10-01,Canada,834.89,0.0,834.89,1,1,671
2010-10-01,Channel Islands,4341.19,57.65,4283.54,4,3,1899
2010-10-01,Cyprus,551.33,0.0,551.33,1,1,253
2010-10-01,Denmark,448.6,50.4,398.2,2,2,169
2010-10-01,EIRE,50079.05,7253.36,42825.69,47,2,20053
2010-10-01,Finland,1166.69,29.3,1137.39,2,2,675
2010-10-01,France,15211.77,609.24,14602.53,28,22,9923
2010-10-01,Germany,21561.63,464.58,21097.05,38,30,11857
2010-10-01,Greece,3084.02,18.25,3065.77,1,1,1753
2010-10-01,Iceland,611.53,0.0,611.53,1,1,509
2010-10-01,Italy,5221.42,442.25,4779.17,7,7,2140
2010-10-01,Japan,1533.89,0.0,1533.89,1,1,3199
2010-10-01,Korea,0.0,168.69,-168.69,0,0,0
2010-10-01,Lebanon,0.0,39.67,-39.67,0,0,0
2010-10-01,Netherlands,17265.85,324.24,16941.61,12,4,17628
2010-10-01,Portugal,2978.23,75.45,2902.78,5,5,2224
2010-10-01,RSA,1435.29,0.0,1435.29,1,0,1027
2010-10-01,Spain,14088.5,4733.52,9354.98,10,8,6948
2010-10-01,Sweden,9369.41,52.46,9316.95,8,6,7814
2010-10-01,Switzerland,8629.69,78.15,8551.54,6,6,4611
2010-10-01,United Arab Emirates,509.92,76.32,433.6,2,1,351
2010-10-01,United Kingdom,1000408.88,66916.16,933492.72,2104,1379,525174
2010-10-01,USA,132.8,0.0,132.8,1,1,129
2010-11-01,Australia,18245.52,37.7,18207.82,5,4,12900
2010-11-01,Austria,2873.3,0.0,2873.3,5,4,1261
2010-11-01,Belgium,5252.98,74.7,5178.28,7,7,2743
2010-11-01,Canada,381.77,0.0,381.77,1,1,223
2010-11-01,Channel Islands,2278.73,1057.3,1221.43,3,3,1111
2010-11-01,Cyprus,397.6,0.0,397.6,1,1,208
2010-11-01,Denmark,4059.96,183.6,3876.36,3,3,1753
2010-11-01,EIRE,31031.31,557.17,30474.14,42,3,15491
2010-11-01,Finland,414.98,0.0,414.98,2,1,213
2010-11-01,France,19618.27,120.4,19497.87,40,24,11703
2010-11-01,Germany,30240.51,613.6,29626.91,43,26,15679
2010-11-01,Greece,761.3,0.0,761.3,1,1,414
2010-11-01,Israel,1248.42,0.0,1248.42,1,1,370
2010-11-01,Italy,2673.16,110.38,2562.78,6,5,1287
2010-11-01,Japan,23.6,227.6,-204.0,3,1,8
2010-11-01,Korea,949.82,0.0,949.82,1,1,598
2010-11-01,Lithuania,1525.39,0.0,1525.39,1,1,683
2010-11-01,Netherlands,36058.74,2383.83,33674.91,22,7,22102
2010-11-01,Norway,4629.32,0.0,4629.32,4,3,2974
2010-11-01,Poland,821.14,15.0,806.14,2,2,568
2010-11-01,Portugal,5482.52,47.8,5434.72,8,5,2147
2010-11-01,RSA,1435.29,1435.29,0.0,1,0,1
2010-11-01,Spain,6126.21,4107.46,2018.75,7,6,2968
2010-11-01,Sweden,1933.91,127.9,1806.01,5,3,782
2010-11-01,Switzerland,13570.73,0.0,13570.73,6,5,4599
2010-11-01,United Arab Emirates,1713.69,0.0,1713.69,2,1,465
2010-11-01,United Kingdom,1275581.142,36373.51,1239207.632,2520,1486,624597
2010-11-01,Unspecified,540.57,11.8,528.77,4,1,367
2010-11-01,USA,402.6,132.8,269.8,1,1,234
2010-12-01,Australia,1032.85,27.75,1005.1,3,2,467
2010-12-01,Austria,277.2,20.16,257.04,1,1,51
2010-12-01,Bahrain,205.74,0.0,205.74,1,0,54
2010-12-01,Belgium,1809.91,0.0,1809.91,5,4,1755
2010-12-01,Channel Islands,363.53,0.0,363.53,1,1,80
2010-12-01,Cyprus,1590.82,0.0,1590.82,1,1,917
2010-12-01,Denmark,1281.5,0.0,1281.5,1,1,454
2010-12-01,EIRE,10033.26,1003.31,9029.95,17,3,5770
2010-12-01,Finland,892.8,0.0,892.8,1,1,1254
2010-12-01,France,9616.31,40.95,9575.36,21,15,4989
2010-12-01,Germany,15241.14,678.3,14562.84,30,18,6877
2010-12-01,Iceland,711.79,0.0,711.79,1,1,319
2010-12-01,Israel,0.0,227.44,-227.44,0,0,0
2010-12-01,Italy,811.5,17.0,794.5,2,2,295
2010-12-01,Japan,7705.07,0.0,7705.07,3,3,4093
2010-12-01,Lithuania,1661.06,0.0,1661.06,4,1,652
2010-12-01,Netherlands,8784.48,0.0,8784.48,3,2,6811
2010-12-01,Norway,3787.12,0.0,3787.12,2,1,3582
2010-12-01,Poland,248.16,0.0,248.16,1,1,140
2010-12-01,Portugal,2439.97,59.85,2380.12,6,6,984
2010-12-01,Spain,1843.73,0.0,1843.73,4,4,867
2010-12-01,Sweden,3834.3,1188.0,2646.3,2,1,3954
2010-12-01,Switzerland,1304.92,0.0,1304.92,2,2,714
2010-12-01,United Kingdom,748268.98,71526.36,676742.62,1447,815,314160
2011-01-01,Australia,9017.71,0.0,9017.71,9,7,5644
2011-01-01,Bahrain,0.0,205.74,-205.74,0,0,0
2011-01-01,Belgium,1200.2,46.15,1154.05,3,3,792
2011-01-01,Channel Islands,675.58,30.5,645.08,1,1,259
2011-01-01,Cyprus,547.5,0.0,547.5,1,1,144
2011-01-01,EIRE,21904.19,247.67,21656.52,7,2,8794
2011-01-01,Finland,889.02,0.0,889.02,2,2,765
2011-01-01,France,17740.12,237.05,17503.07,29,24,9199
2011-01-01,Germany,16910.84,459.41,16451.43,31,28,9077
2011-01-01,Greece,2661.24,0.0,2661.24,1,1,526
2011-01-01,Hong Kong,2439.76,0.0,2439.76,1,0,1121
2011-01-01,Iceland,475.39,0.0,475.39,1,1,315
2011-01-01,Israel,379.84,0.0,379.84,1,0,100
2011-01-01,Italy,2402.51,41.15,2361.36,3,3,1121
2011-01-01,Japan,0.0,109.8,-109.8,0,0,0
2011-01-01,Lebanon,1693.88,0.0,1693.88,1,1,386
2011-01-01,Netherlands,26611.16,0.0,26611.16,5,2,20417
2011-01-01,Poland,613.22,0.0,613.22,1,1,288
2011-01-01,Portugal,4055.71,57.6,3998.11,4,4,2094
2011-01-01,Singapore,2053.07,0.0,2053.07,1,1,1091
2011-01-01,Spain,10086.09,2907.55,7178.54,8,7,3845
2011-01-01,Sweden,3486.32,40.0,3446.32,2,2,3097
2011-01-01,Switzerland,4231.23,0.0,4231.23,3,3,2993
2011-01-01,United Kingdom,561289.98,126981.68,434308.3,971,647,315717
2011-02-01,Australia,14695.42,67.95,14627.47,5,4,8680
2011-02-01,Austria,518.36,0.0,518.36,2,2,342
2011-02-01,Belgium,2181.07,19.75,2161.32,8,7,1102
2011-02-01,Channel Islands,1784.71,0.0,1784.71,1,1,935
2011-02-01,Cyprus,4334.24,320.69,4013.55,6,4,2191
2011-02-01,Czech Republic,549.26,0.0,549.26,1,1,346
2011-02-01,Denmark,399.22,0.0,399.22,1,1,224
2011-02-01,EIRE,12248.74,2574.6,9674.14,13,2,6004
2011-02-01,Finland,205.16,0.0,205.16,1,1,141
2011-02-01,France,8515.96,77.05,8438.91,21,17,5340
2011-02-01,Germany,9581.05,611.81,8969.24,19,17,4245
2011-02-01,Israel,779.1,0.0,779.1,1,1,286
2011-02-01,Italy,256.0,4.5,251.5,1,1,111
2011-02-01,Japan,5780.81,0.0,5780.81,2,2,2999
2011-02-01,Netherlands,23011.91,79.8,22932.11,5,2,16387
2011-02-01,Norway,630.9,0.0,630.9,2,2,295
2011-02-01,Poland,604.05,0.0,604.05,2,2,297
2011-02-01,Portugal,1213.9,0.0,1213.9,2,2,558
2011-02-01,Saudi Arabia,145.92,0.0,145.92,1,1,80
2011-02-01,Spain,2114.5,20.8,2093.7,4,4,870
2011-02-01,Sweden,509.5,0.0,509.5,1,1,250
2011-02-01,Switzerland,2654.92,12.25,2642.67,5,4,1107
2011-02-01,United Arab Emirates,889.24,0.0,889.24,1,1,496
2011-02-01,United Kingdom,430027.95,21780.04,408247.91,995,679,230269
2011-03-01,Australia,17223.99,168.7,17055.29,3,3,10439
2011-03-01,Austria,1708.12,0.0,1708.12,2,2,982
2011-03-01,Belgium,3351.98,18.4,3333.58,9,8,1783
2011-03-01,Canada,140.54,0.0,140.54,1,1,88
2011-03-01,Channel Islands,3509.33,0.0,3509.33,3,3,2104
2011-03-01,Cyprus,938.39,0.0,938.39,1,1,1005
2011-03-01,Denmark,3978.99,0.0,3978.99,1,1,879
2011-03-01,EIRE,22197.51,3414.28,18783.23,23,3,9580
2011-03-01,Finland,5936.82,12.2,5924.62,5,1,2536
2011-03-01,France,14589.55,72.65,14516.9,25,17,8690
2011-03-01,Germany,14392.69,222.67,14170.02,32,24,7739
2011-03-01,Greece,387.31,0.0,387.31,1,1,289
2011-03-01,Hong Kong,2583.76,2583.76,0.0,1,0,1
2011-03-01,Italy,1806.81,27.9,1778.91,4,3,688
2011-03-01,Japan,48.9,122.56,-73.66,3,3,21
2011-03-01,Netherlands,22416.49,0.0,22416.49,8,4,14828
2011-03-01,Norway,1265.31,960.63,304.68,4,1,156
2011-03-01,Poland,317.78,14.39,303.39,1,1,162
2011-03-01,Portugal,2660.85,0.0,2660.85,5,4,1626
2011-03-01,Saudi Arabia,0.0,14.75,-14.75,0,0,0
2011-03-01,Spain,5363.15,36.5,5326.65,8,8,2545
2011-03-01,Sweden,4720.58,180.0,4540.58,3,2,5407
2011-03-01,Switzerland,1870.23,0.0,1870.23,3,3,986
2011-03-01,United Kingdom,586230.28,26522.89,559707.39,1308,880,304992
2011-04-01,Australia,771.6,438.2,333.4,2,2,225
2011-04-01,Austria,680.78,0.0,680.78,2,2,311
2011-04-01,Belgium,1989.48,35.33,1954.15,6,6,1183
2011-04-01,Brazil,1143.6,0.0,1143.6,1,1,356
2011-04-01,Channel Islands,293.0,0.0,293.0,1,1,97
2011-04-01,Cyprus,0.0,35.8,-35.8,0,0,0
2011-04-01,Czech Republic,0.0,57.51,-57.51,0,0,0
2011-04-01,EIRE,7570.5,0.0,7570.5,11,2,4135
2011-04-01,European Community,191.4,0.0,191.4,1,1,34
2011-04-01,Finland,1688.92,62.11,1626.81,4,4,818
2011-04-01,France,5529.61,1334.4,4195.21,14,14,2287
2011-04-01,Germany,12315.54,352.17,11963.37,23,19,5764
2011-04-01,Greece,609.74,0.0,609.74,1,1,262
2011-04-01,Hong Kong,1539.64,0.0,1539.64,1,0,732
2011-04-01,Iceland,636.25,0.0,636.25,1,1,483
2011-04-01,Israel,110.0,0.0,110.0,1,0,30
2011-04-01,Italy,737.83,0.0,737.83,2,2,653
2011-04-01,Japan,6548.5,1676.67,4871.83,2,2,8058
2011-04-01,Netherlands,2976.56,0.0,2976.56,3,1,1768
2011-04-01,Poland,705.84,0.0,705.84,1,1,432
2011-04-01,Portugal,1687.75,0.0,1687.75,2,2,951
2011-04-01,Singapore,8209.58,6090.84,2118.74,3,1,1389
2011-04-01,Spain,1785.65,0.0,1785.65,3,3,953
2011-04-01,Sweden,809.1,0.0,809.1,2,2,310
2011-04-01,Switzerland,2076.94,254.75,1822.19,4,2,886
2011-04-01,United Kingdom,476517.761,34263.72,442254.041,1153,784,276279
2011-04-01,Unspecified,299.1,0.0,299.1,1,1,282
2011-04-01,USA,383.95,0.0,383.95,1,1,137
2011-05-01,Australia,13638.41,9.9,13628.51,4,2,8999
2011-05-01,Austria,1249.43,0.0,1249.43,2,2,476
2011-05-01,Bahrain,548.4,0.0,548.4,2,2,260
2011-05-01,Belgium,2732.4,5.4,2727.0,9,7,1829
2011-05-01,Canada,534.24,0.0,534.24,1,1,504
2011-05-01,Channel Islands,1207.24,303.45,903.79,2,2,224
2011-05-01,Denmark,515.7,0.0,515.7,1,1,368
2011-05-01,EIRE,18008.76,87.41,17921.35,22,3,8028
2011-05-01,France,17614.88,87.8,17527.08,39,28,9788
2011-05-01,Germany,25751.2,179.85,25571.35,42,27,12997
2011-05-01,Hong Kong,1966.16,0.0,1966.16,1,0,1262
2011-05-01,Italy,587.45,0.0,587.45,1,1,267
2011-05-01,Japan,1351.45,0.0,1351.45,1,1,743
2011-05-01,Netherlands,29185.88,0.0,29185.88,11,4,19936
2011-05-01,Poland,1522.37,0.0,1522.37,3,3,616
2011-05-01,Portugal,4202.23,3614.4,587.83,5,1,315
2011-05-01,Spain,3257.6,0.0,3257.6,4,3,1468
2011-05-01,Sweden,2681.98,17.0,2664.98,3,2,2833
2011-05-01,Switzerland,3610.01,42.8,3567.21,3,3,2249
2011-05-01,United Kingdom,639314.36,42854.5,596459.86,1523,962,321773
2011-05-01,Unspecified,1055.87,0.0,1055.87,2,1,803
2011-06-01,Australia,25187.77,23.0,25164.77,4,2,15981
2011-06-01,Austria,0.0,24.2,-24.2,0,0,0
2011-06-01,Belgium,4274.82,1.65,4273.17,11,11,2245
2011-06-01,Canada,1171.46,0.0,1171.46,1,1,1092
2011-06-01,Channel Islands,2060.03,0.0,2060.03,1,1,836
2011-06-01,Cyprus,1109.32,0.0,1109.32,1,1,356
2011-06-01,Denmark,3261.15,0.0,3261.15,3,3,1544
2011-06-01,EIRE,24863.61,4803.36,20060.25,28,2,12905
2011-06-01,European Community,432.05,8.5,423.55,2,1,130
2011-06-01,Finland,329.56,0.0,329.56,1,1,157
2011-06-01,France,16348.41,356.54,15991.87,31,25,9705
2011-06-01,Germany,13274.1,193.08,13081.02,24,21,7470
2011-06-01,Hong Kong,633.96,0.0,633.96,1,0,537
2011-06-01,Iceland,382.52,0.0,382.52,1,1,196
2011-06-01,Italy,202.07,39.8,162.27,2,2,55
2011-06-01,Japan,1607.04,0.0,1607.04,1,1,2256
2011-06-01,Malta,863.16,12.75,850.41,2,1,402
2011-06-01,Netherlands,26858.09,15.0,26843.09,11,5,19744
2011-06-01,Norway,5886.86,0.0,5886.86,4,2,2009
2011-06-01,Poland,343.65,78.91,264.74,2,2,81
2011-06-01,Portugal,884.46,4.95,879.51,3,3,421
2011-06-01,Spain,3333.21,0.77,3332.44,8,8,1538
2011-06-01,Sweden,832.0,0.0,832.0,3,3,404
2011-06-01,Switzerland,7904.15,21.95,7882.2,4,4,3970
2011-06-01,United Kingdom,619510.67,65032.32,554478.35,1383,889,305101
2011-06-01,Unspecified,185.78,0.0,185.78,1,1,78
2011-07-01,Australia,4964.38,196.81,4767.57,7,3,5318
2011-07-01,Austria,1191.95,0.0,1191.95,2,2,573
2011-07-01,Belgium,2475.57,1.95,2473.62,5,4,1679
2011-07-01,Canada,1768.58,0.0,1768.58,2,1,1027
2011-07-01,Denmark,376.24,0.0,376.24,1,1,241
2011-07-01,EIRE,42789.85,49.2,42740.65,27,3,22111
2011-07-01,European Community,676.8,0.0,676.8,1,1,335
2011-07-01,Finland,2996.73,0.0,2996.73,3,3,1273
2011-07-01,France,10000.19,111.2,9888.99,22,18,5664
2011-07-01,Germany,16440.98,719.32,15721.66,33,26,9096
2011-07-01,Greece,421.24,50.0,371.24,1,1,244
2011-07-01,Israel,1430.75,0.0,1430.75,1,1,633
2011-07-01,Italy,147.1,0.0,147.1,1,1,22
2011-07-01,Japan,3854.4,0.0,3854.4,2,2,2328
2011-07-01,Netherlands,26.02,0.0,26.02,1,1,10
2011-07-01,Norway,890.07,0.0,890.07,1,1,586
2011-07-01,Poland,687.3,8.85,678.45,2,2,288
2011-07-01,Portugal,2287.85,0.0,2287.85,3,3,1436
2011-07-01,Singapore,3949.32,0.0,3949.32,1,1,2160
2011-07-01,Spain,7624.92,46.75,7578.17,9,7,3438
2011-07-01,Sweden,6802.09,0.0,6802.09,3,2,6006
2011-07-01,Switzerland,3998.61,222.0,3776.61,6,4,1828
2011-07-01,United Kingdom,601994.841,36515.0,565479.841,1337,859,334410
2011-07-01,Unspecified,1425.41,0.0,1425.41,4,2,1053
2011-08-01,Australia,22489.2,0.0,22489.2,2,2,12570
2011-08-01,Austria,1516.08,0.0,1516.08,2,2,790
2011-08-01,Belgium,3554.02,17.9,3536.12,9,8,2069
2011-08-01,Canada,51.56,0.0,51.56,1,1,52
2011-08-01,Channel Islands,4896.78,4.25,4892.53,5,4,2009
2011-08-01,Denmark,213.15,134.55,78.6,1,1,338
2011-08-01,EIRE,18353.75,6196.28,12157.47,19,2,10077
2011-08-01,Finland,1376.5,4.95,1371.55,3,2,693
2011-08-01,France,13810.96,21.7,13789.26,28,22,7958
2011-08-01,Germany,19220.77,197.12,19023.65,39,29,9641
2011-08-01,Hong Kong,2813.95,0.0,2813.95,2,0,736
2011-08-01,Iceland,584.91,0.0,584.91,1,1,277
2011-08-01,Israel,4873.81,0.0,4873.81,1,1,3028
2011-08-01,Italy,1990.95,56.15,1934.8,4,3,1147
2011-08-01,Japan,0.0,49.79,-49.79,0,0,0
2011-08-01,Malta,1119.0,15.75,1103.25,2,2,382
2011-08-01,Netherlands,40327.81,672.0,39655.81,7,1,29300
2011-08-01,Norway,2025.81,41.35,1984.46,2,2,636
2011-08-01,Poland,401.8,0.0,401.8,2,2,186
2011-08-01,Portugal,1221.4,15.0,1206.4,1,1,1026
2011-08-01,Spain,3346.91,16.5,3330.41,10,6,1600
2011-08-01,Sweden,1400.86,9.9,1390.96,5,4,1314
2011-08-01,Switzerland,4969.89,87.7,4882.19,3,3,2998
2011-08-01,United Kingdom,596985.42,46792.86,550192.56,1209,834,332757
2011-08-01,Unspecified,531.03,0.0,531.03,2,2,185
2011-09-01,Australia,5106.73,75.0,5031.73,8,6,4079
2011-09-01,Belgium,4208.02,10.2,4197.82,7,7,1969
2011-09-01,Channel Islands,1323.75,2.1,1321.65,2,2,764
2011-09-01,Cyprus,196.35,0.0,196.35,1,1,33
2011-09-01,Denmark,4570.16,0.0,4570.16,3,3,1608
2011-09-01,EIRE,43086.55,447.5,42639.05,38,2,23086
2011-09-01,Finland,1105.45,0.0,1105.45,4,4,515
2011-09-01,France,23428.04,229.17,23198.87,45,36,13002
2011-09-01,Germany,18091.22,370.91,17720.31,41,31,11156
2011-09-01,Hong Kong,2653.95,2653.95,0.0,1,0,1
2011-09-01,Israel,423.73,0.0,423.73,1,0,233
2011-09-01,Italy,279.8,0.0,279.8,1,1,48
2011-09-01,Japan,112.08,0.0,112.08,1,1,144
2011-09-01,Netherlands,26937.26,0.0,26937.26,7,2,17309
2011-09-01,Norway,8678.94,0.0,8678.94,6,5,4655
2011-09-01,Poland,529.25,0.0,529.25,2,2,253
2011-09-01,Portugal,1433.22,0.0,1433.22,3,3,899
2011-09-01,Spain,5189.24,25.5,5163.74,8,6,2683
2011-09-01,Sweden,4575.21,0.0,4575.21,3,3,4344
2011-09-01,Switzerland,8284.86,29.9,8254.96,7,5,4255
2011-09-01,United Arab Emirates,1013.04,0.0,1013.04,2,1,486
2011-09-01,United Kingdom,897076.472,35058.32,862018.152,1645,1146,479040
2011-09-01,Unspecified,286.85,0.0,286.85,1,0,258
2011-10-01,Australia,17150.53,0.0,17150.53,4,2,7401
2011-10-01,Austria,1043.78,0.0,1043.78,1,1,491
2011-10-01,Belgium,5685.38,34.0,5651.38,11,9,3170
2011-10-01,Channel Islands,2623.32,0.0,2623.32,5,2,1407
2011-10-01,Cyprus,4412.87,196.35,4216.52,4,4,1415
2011-10-01,Czech Republic,277.48,0.0,277.48,1,1,325
2011-10-01,Denmark,1490.76,52.65,1438.11,3,3,869
2011-10-01,EIRE,24317.92,1010.3,23307.62,31,2,15904
2011-10-01,Finland,2822.12,18.0,2804.12,6,5,1115
2011-10-01,France,33485.45,8453.41,25032.04,35,27,13807
2011-10-01,Germany,31638.42,1024.15,30614.27,58,38,17740
2011-10-01,Hong Kong,734.52,10.95,723.57,2,0,382
2011-10-01,Iceland,1294.32,0.0,1294.32,1,1,676
2011-10-01,Israel,138.03,0.0,138.03,2,1,99
2011-10-01,Italy,3489.69,78.9,3410.79,7,5,1597
2011-10-01,Japan,1948.04,0.0,1948.04,2,2,1124
2011-10-01,Netherlands,40708.65,0.0,40708.65,15,4,27230
2011-10-01,Norway,3687.23,0.0,3687.23,7,5,1692
2011-10-01,Portugal,6206.67,622.04,5584.63,10,5,3286
2011-10-01,RSA,1002.31,0.0,1002.31,1,1,351
2011-10-01,Singapore,7067.32,6068.06,999.26,2,1,601
2011-10-01,Spain,8636.94,3558.29,5078.65,8,7,4352
2011-10-01,Sweden,5766.16,0.0,5766.16,3,2,6151
2011-10-01,Switzerland,8065.18,31.2,8033.98,8,5,4866
2011-10-01,United Kingdom,938975.01,61536.82,877438.19,1811,1230,505633
2011-10-01,USA,2311.2,1579.51,731.69,2,2,1717
2011-11-01,Australia,7242.72,436.73,6805.99,6,3,4098
2011-11-01,Austria,1329.78,0.0,1329.78,2,2,717
2011-11-01,Belgium,6315.76,86.35,6229.41,11,8,2560
2011-11-01,Channel Islands,1514.77,19.6,1495.17,3,2,716
2011-11-01,Cyprus,460.89,0.0,460.89,1,1,300
2011-11-01,Czech Republic,0.0,61.51,-61.51,0,0,0
2011-11-01,Denmark,2699.57,0.0,2699.57,2,2,1537
2011-11-01,EIRE,30738.43,325.38,30413.05,42,2,16657
2011-11-01,Finland,3070.24,120.0,2950.24,8,5,1087
2011-11-01,France,31758.71,1061.2,30697.51,64,39,17889
2011-11-01,Germany,28025.02,1980.67,26044.35,68,44,13453
2011-11-01,Hong Kong,326.1,326.1,0.0,1,0,1
2011-11-01,Italy,4571.08,327.33,4243.75,9,9,2063
2011-11-01,Japan,8460.08,0.0,8460.08,2,2,4250
2011-11-01,Malta,743.43,160.81,582.62,1,1,186
2011-11-01,Netherlands,25874.01,18.0,25856.01,15,4,18663
2011-11-01,Norway,6527.5,0.0,6527.5,5,5,3406
2011-11-01,Poland,1361.23,19.36,1341.87,2,2,941
2011-11-01,Portugal,2644.9,0.0,2644.9,10,7,1093
2011-11-01,Spain,8678.96,145.09,8533.87,14,12,3507
2011-11-01,Sweden,2722.23,109.52,2612.71,5,5,1973
2011-11-01,Switzerland,8118.96,2.0,8116.96,6,4,3777
2011-11-01,United Kingdom,1325346.21,42540.43,1282805.78,2490,1505,654992
2011-11-01,Unspecified,965.75,0.0,965.75,2,0,641
2011-12-01,Austria,683.2,0.0,683.2,1,1,148
2011-12-01,Belgium,1417.73,8.3,1409.43,4,4,1101
2011-12-01,Channel Islands,198.4,4.25,194.15,1,1,60
2011-12-01,Cyprus,0.0,91.25,-91.25,0,0,0
2011-12-01,Denmark,168.9,0.0,168.9,1,1,173
2011-12-01,EIRE,7340.89,17.85,7323.04,10,1,4122
2011-12-01,Finland,1232.76,2.08,1230.68,3,3,350
2011-12-01,France,7294.92,228.09,7066.83,18,17,3786
2011-12-01,Germany,7984.17,179.47,7804.7,17,12,4006
2011-12-01,Greece,680.99,0.0,680.99,1,1,236
2011-12-01,Iceland,224.82,0.0,224.82,1,1,192
2011-12-01,Italy,200.45,0.0,200.45,1,1,45
2011-12-01,Japan,0.0,116.93,-116.93,0,0,0
2011-12-01,Malta,0.0,30.81,-30.81,0,0,0
2011-12-01,Netherlands,11728.02,0.0,11728.02,3,1,7958
2011-12-01,Norway,2785.7,0.0,2785.7,3,2,2319
2011-12-01,Portugal,2808.19,6.24,2801.95,4,4,1569
2011-12-01,Spain,316.21,44.78,271.43,2,2,274
2011-12-01,Sweden,238.0,238.0,0.0,1,1,40
2011-12-01,United Kingdom,592622.09,203886.66,388735.43,746,560,287266
2011-12-01,USA,885.24,269.96,615.28,2,2,604
